timestamp_ms,j1,j2,j3,j4,j5,j6
0,40.6900,42.5300,0.4300,0.7900,0.7900,0.7000
10,40.6900,42.5300,0.4300,0.7900,0.7900,0.7000
20,40.6900,42.5300,0.4300,0.7900,0.7900,0.7000
30,40.6900,42.5300,0.4300,0.7900,0.7900,0.7000
40,40.6900,42.5300,0.4300,0.7900,0.7900,0.7000
50,40.6900,42.5300,0.4300,0.7900,0.7900,0.7000
60,40.6900,42.5300,0.4300,0.7900,0.7900,0.7000
70,40.6900,42.5300,0.4300,0.7900,0.7900,0.7000
80,40.6900,42.5300,0.4300,0.7900,0.7900,0.7000
90,40.6900,42.5300,0.4300,0.7900,0.7900,0.7000
100,40.6900,42.5300,0.4300,0.7900,0.7900,0.7000
110,40.6900,42.5300,0.4300,0.7900,0.7900,0.7000
121,40.6900,42.5300,0.4300,0.7900,0.7900,0.7000
131,40.6900,42.5300,0.4300,0.7900,0.7900,0.7000
141,40.6900,42.5300,0.4300,0.7900,0.7900,0.7000
151,40.6900,42.5300,0.4300,0.7900,0.7900,0.7000
161,40.6900,42.5300,0.4300,0.7900,0.7900,0.7000
171,40.6900,42.5300,0.4300,0.7900,0.7900,0.7000
181,40.6900,42.5300,0.4300,0.7900,0.7900,0.7000
191,40.6900,42.5300,0.4300,0.7900,0.7900,0.7000
201,40.6900,42.5300,0.4300,0.7900,0.7900,0.7000
211,40.6900,42.5300,0.4300,0.7900,0.7900,0.7000
221,40.6900,42.5300,0.4300,0.7900,0.7900,0.7000
231,40.6900,42.5300,0.4300,0.7900,0.7900,0.7000
241,40.6900,42.5300,0.4300,0.7900,0.7900,0.7000
252,40.6900,42.5300,0.4300,0.7900,0.7900,0.7000
262,40.6900,42.5300,0.4300,0.7900,0.7900,0.7000
272,40.6900,42.5300,0.4300,0.7900,0.7900,0.7000
282,40.6900,42.5300,0.4300,0.7900,0.7900,0.7000
292,40.6900,42.5300,0.4300,0.7900,0.7900,0.7000
302,40.6900,42.5300,0.4300,0.7900,0.7900,0.7000
312,40.6900,42.5300,0.4300,0.7900,0.7900,0.7000
322,40.6900,42.5300,0.4300,0.7900,0.7900,0.7000
332,40.6900,42.5300,0.4300,0.7900,0.7900,0.7000
342,40.6900,42.5300,0.4300,0.7900,0.7900,0.7000
352,40.6900,42.5300,0.4300,0.7900,0.7900,0.7000
362,40.6900,42.5300,0.4300,0.7900,0.7900,0.7000
373,40.6900,42.5300,0.4300,0.7900,0.7900,0.7000
383,40.6900,42.5300,0.4300,0.7900,0.7900,0.7000
393,40.6900,42.5300,0.4300,0.7900,0.7900,0.7000
403,40.6900,42.5300,0.4300,0.7900,0.7900,0.7000
413,40.6900,42.5300,0.4300,0.7900,0.7900,0.7000
423,40.6900,42.5300,0.4300,0.7900,0.7900,0.7000
433,40.6900,42.5300,0.4300,0.7900,0.7900,0.7000
443,40.6900,42.5300,0.4300,0.7900,0.7900,0.7000
453,40.6900,42.5300,0.4300,0.7900,0.7900,0.7000
463,40.6900,42.5300,0.4300,0.7900,0.7900,0.7000
473,40.6900,42.5300,0.4300,0.7900,0.7900,0.7000
483,40.6900,42.5300,0.4300,0.7900,0.7900,0.7000
494,40.6900,42.5300,0.4300,0.7900,0.7900,0.7000
504,40.6900,42.5300,0.4300,0.7900,0.7900,0.7000
514,40.6900,42.5300,0.4300,0.7900,0.7900,0.7000
524,40.6900,42.5300,0.4300,0.7900,0.7900,0.7000
534,40.6900,42.5300,0.4300,0.7900,0.7900,0.7000
544,40.6900,42.5300,0.4300,0.7900,0.7900,0.7000
554,40.6900,42.5300,0.4300,0.7900,0.7900,0.7000
564,40.6900,42.5300,0.4300,0.7900,0.7900,0.7000
574,40.6900,42.5300,0.4300,0.7900,0.7900,0.7000
584,40.6900,42.5300,0.4300,0.7900,0.7900,0.7000
594,40.6900,42.5300,0.4300,0.7900,0.7900,0.7000
604,40.6900,42.5300,0.4300,0.7900,0.7900,0.7000
614,40.6900,42.5300,0.4300,0.7900,0.7900,0.7000
625,40.6900,42.5300,0.4300,0.7900,0.7900,0.7000
635,40.6900,42.5300,0.4300,0.7900,0.7900,0.7000
645,40.6900,42.5300,0.4300,0.7900,0.7900,0.7000
655,40.6900,42.5300,0.4300,0.7900,0.7900,0.7000
665,40.6900,42.5300,0.4300,0.7900,0.7900,0.7000
675,40.6900,42.5300,0.4300,0.7900,0.7900,0.7000
685,40.6900,42.5300,0.4300,0.7900,0.7900,0.7000
695,40.6900,42.5300,0.4300,0.7900,0.7900,0.7000
705,40.6900,42.5300,0.4300,0.7900,0.7900,0.7000
715,40.6900,42.5300,0.4300,0.7900,0.7900,0.7000
725,40.6900,42.5300,0.4300,0.7900,0.7900,0.7000
735,40.6900,42.5300,0.4300,0.7900,0.7900,0.7000
745,40.6900,42.5300,0.4300,0.7900,0.7900,0.7000
756,40.6900,42.5300,0.4300,0.7900,0.7900,0.7000
766,40.6900,42.5300,0.4300,0.7900,0.7900,0.7000
776,40.6900,42.5300,0.4300,0.7900,0.7900,0.7000
786,40.6900,42.5300,0.4300,0.7900,0.7900,0.7000
796,40.6900,42.5300,0.4300,0.7900,0.7900,0.7000
806,40.6900,42.5300,0.4300,0.7900,0.7900,0.7000
816,40.6900,42.5300,0.4300,0.7900,0.7900,0.7000
826,40.6900,42.5300,0.4300,0.7900,0.7900,0.7000
836,40.6900,42.5300,0.4300,0.7900,0.7900,0.7000
846,40.6900,42.5300,0.4300,0.7900,0.7900,0.7000
856,40.6900,42.5300,0.4300,0.7900,0.7900,0.7000
866,40.6900,42.5300,0.4300,0.7900,0.7900,0.7000
877,40.6900,42.5300,0.4300,0.7900,0.7900,0.7000
887,40.6900,42.5300,0.4300,0.7900,0.7900,0.7000
897,40.6900,42.5300,0.4300,0.7900,0.7900,0.7000
907,40.6900,42.5300,0.4300,0.7900,0.7900,0.7000
917,40.6900,42.5300,0.4300,0.7900,0.7900,0.7000
927,40.6900,42.5300,0.4300,0.7900,0.7900,0.7000
937,40.6900,42.5300,0.4300,0.7900,0.7900,0.7000
947,40.6900,42.5300,0.4300,0.7900,0.7900,0.7000
957,40.6900,42.5300,0.4300,0.7900,0.7900,0.7000
967,40.6900,42.5300,0.4300,0.7900,0.7900,0.7000
977,40.6900,42.5300,0.4300,0.7900,0.7900,0.7000
987,40.6900,42.5300,0.4300,0.7900,0.7900,0.7000
997,40.6900,42.5300,0.4300,0.7900,0.7900,0.7000
1008,40.6900,42.5300,0.4300,0.7900,0.7900,0.7000
1018,40.6900,42.5300,0.4300,0.7900,0.7900,0.7000
1028,40.6900,42.5300,0.4300,0.7900,0.7900,0.7000
1038,40.6900,42.5300,0.4300,0.7900,0.7900,0.7000
1048,40.6900,42.5300,0.4300,0.7900,0.7900,0.7000
1058,40.6900,42.5300,0.4300,0.7900,0.7900,0.7000
1068,40.6900,42.5300,0.4300,0.7900,0.7900,0.7000
1078,40.6900,42.5300,0.4300,0.7900,0.7900,0.7000
1088,40.6900,42.5300,0.4300,0.7900,0.7900,0.7000
1098,40.6900,42.5300,0.4300,0.7900,0.7900,0.7000
1108,40.6900,42.5300,0.4300,0.7900,0.7900,0.7000
1118,40.6900,42.5300,0.4300,0.7900,0.7900,0.7000
1128,40.6900,42.5300,0.4300,0.7900,0.7900,0.7000
1139,40.6900,42.5300,0.4300,0.7900,0.7900,0.7000
1149,40.6900,42.5300,0.4300,0.7900,0.7900,0.7000
1159,40.6900,42.5300,0.4300,0.7900,0.7900,0.7000
1169,40.6900,42.5300,0.4300,0.7900,0.7900,0.7000
1179,40.6900,42.5300,0.4300,0.7900,0.7900,0.7000
1189,40.6900,42.5300,0.4300,0.7900,0.7900,0.7000
1199,40.6900,42.5300,0.4300,0.7900,0.7900,0.7000
1209,40.6900,42.5300,0.4300,0.7900,0.7900,0.7000
1219,40.6900,42.5300,0.4300,0.7900,0.7900,0.7000
1229,40.6900,42.5300,0.4300,0.7900,0.7900,0.7000
1239,40.6900,42.5300,0.4300,0.7900,0.7900,0.7000
1249,40.6900,42.5300,0.4300,0.7900,0.7900,0.7000
1260,40.6900,42.5300,0.4300,0.7900,0.7900,0.7000
1270,40.6900,42.5300,0.4300,0.7900,0.7900,0.7000
1280,40.6900,42.5300,0.4300,0.7900,0.7900,0.7000
1290,40.6900,42.5300,0.4300,0.7900,0.7900,0.7000
1300,40.6900,42.5300,0.4300,0.7900,0.7900,0.7000
1310,40.6900,42.5300,0.4300,0.7900,0.7900,0.7000
1320,40.6900,42.5300,0.4300,0.7900,0.7900,0.7000
1330,40.6900,42.5300,0.4300,0.7900,0.7900,0.7000
1340,40.6900,42.5300,0.4300,0.7900,0.7900,0.7000
1350,40.6900,42.5300,0.4300,0.7900,0.7900,0.7000
1360,40.6900,42.5300,0.4300,0.7900,0.7900,0.7000
1370,40.6900,42.5300,0.4300,0.7900,0.7900,0.7000
1380,40.6900,42.5300,0.4300,0.7900,0.7900,0.7000
1391,40.6900,42.5300,0.4300,0.7900,0.7900,0.7000
1401,40.6900,42.5300,0.4300,0.7900,0.7900,0.7000
1411,40.6900,42.5300,0.4300,0.7900,0.7900,0.7000
1421,40.6900,42.5300,0.4300,0.7900,0.7900,0.7000
1431,40.6900,42.5300,0.4300,0.7900,0.7900,0.7000
1441,40.6900,42.5300,0.4300,0.7900,0.7900,0.7000
1451,40.6900,42.5300,0.4300,0.7900,0.7900,0.7000
1461,40.6900,42.5300,0.4300,0.7900,0.7900,0.7000
1471,40.6900,42.5300,0.4300,0.7900,0.7900,0.7000
1481,40.6900,42.5300,0.4300,0.7900,0.7900,0.7000
1491,40.6900,42.5300,0.4300,0.7900,0.7900,0.7000
1501,40.6900,42.5300,0.4300,0.7900,0.7900,0.7000
1512,40.6900,42.5300,0.4300,0.7900,0.7900,0.7000
1522,40.6900,42.5300,0.4300,0.7900,0.7900,0.7000
1532,40.6900,42.5300,0.4300,0.7900,0.7900,0.7000
1542,40.6900,42.5300,0.4300,0.7900,0.7900,0.7000
1552,40.6900,42.5300,0.4300,0.7900,0.7900,0.7000
1562,40.6900,42.5300,0.4300,0.7900,0.7900,0.7000
1572,40.6900,42.5300,0.4300,0.7900,0.7900,0.7000
1582,40.6900,42.5300,0.4300,0.7900,0.7900,0.7000
1592,40.6900,42.5300,0.4300,0.7900,0.7900,0.7000
1602,40.6900,42.5300,0.4300,0.7900,0.7900,0.7000
1612,40.6900,42.5300,0.4300,0.7900,0.7900,0.7000
1622,40.6900,42.5300,0.4300,0.7900,0.7900,0.7000
1633,40.6900,42.5300,0.4300,0.7900,0.7900,0.7000
1643,40.6900,42.5300,0.4300,0.7900,0.7900,0.7000
1653,40.6900,42.5300,0.4300,0.7900,0.7900,0.7000
1663,40.6900,42.5300,0.4300,0.7900,0.7900,0.7000
1673,40.6900,42.5300,0.4300,0.7900,0.7900,0.7000
1683,40.6900,42.5300,0.4300,0.7900,0.7900,0.7000
1693,40.6900,42.5300,0.4300,0.7900,0.7900,0.7000
1703,40.6900,42.5300,0.4300,0.7900,0.7900,0.7000
1713,40.6900,42.5300,0.4300,0.7900,0.7900,0.7000
1723,40.6900,42.5300,0.4300,0.7900,0.7900,0.7000
1733,40.6900,42.5300,0.4300,0.7900,0.7900,0.7000
1744,40.6900,42.5300,0.4300,0.7900,0.7900,0.7000
1754,40.6900,42.5300,0.4300,0.7900,0.7900,0.7000
1764,40.6900,42.5300,0.4300,0.7900,0.7900,0.7000
1774,40.6900,42.5300,0.4300,0.7900,0.7900,0.7000
1784,40.6900,42.5300,0.4300,0.7900,0.7900,0.7000
1794,40.6900,42.5300,0.4300,0.7900,0.7900,0.7000
1804,40.6900,42.5300,0.4300,0.7900,0.7900,0.7000
1814,40.6900,42.5300,0.4300,0.7900,0.7900,0.7000
1824,40.6900,42.5300,0.4300,0.7900,0.7900,0.7000
1834,40.6900,42.5300,0.4300,0.7900,0.7900,0.7000
1844,40.6900,42.5300,0.4300,0.7900,0.7900,0.7000
1854,40.6900,42.5300,0.4300,0.7900,0.7900,0.7000
1865,40.6900,42.5300,0.4300,0.7900,0.7900,0.7000
1875,40.6900,42.5300,0.4300,0.7900,0.7900,0.7000
1885,40.6900,42.5300,0.4300,0.7900,0.7900,0.7000
1895,40.6900,42.5300,0.4300,0.7900,0.7900,0.7000
1905,40.6900,42.5300,0.4300,0.7900,0.7900,0.7000
1915,40.6900,42.5300,0.4300,0.7900,0.7900,0.7000
1925,40.6900,42.5300,0.4300,0.7900,0.7900,0.7000
1935,40.6900,42.5300,0.4300,0.7900,0.7900,0.7000
1945,40.6900,42.5300,0.4300,0.7900,0.7900,0.7000
1955,40.6900,42.5300,0.4300,0.7900,0.7900,0.7000
1965,40.6900,42.5300,0.4300,0.7900,0.7900,0.7000
1975,40.6900,42.5300,0.4300,0.7900,0.7900,0.7000
1986,40.6900,42.5300,0.4300,0.7900,0.7900,0.7000
1996,40.6900,42.5300,0.4300,0.7900,0.7900,0.7000
2006,40.6900,42.5300,0.4300,0.7900,0.7900,0.7000
2016,40.6900,42.5300,0.4300,0.7900,0.7900,0.7000
2026,40.6900,42.5300,0.4300,0.7900,0.7900,0.7000
2036,40.6900,42.5300,0.4300,0.7900,0.7900,0.7000
2046,40.6900,42.5300,0.4300,0.7900,0.7900,0.7000
2056,40.6900,42.5300,0.4300,0.7900,0.7900,0.7000
2066,40.6900,42.5300,0.4300,0.7900,0.7900,0.7000
2076,40.6900,42.5300,0.4300,0.7900,0.7900,0.7000
2086,40.6900,42.5300,0.4300,0.7900,0.7900,0.7000
2096,40.6900,42.5300,0.4300,0.7900,0.7900,0.7000
2106,40.6900,42.5300,0.4300,0.7900,0.7900,0.7000
2117,40.6900,42.5300,0.4300,0.7900,0.7900,0.7000
2127,40.6900,42.5300,0.4300,0.7900,0.7900,0.7000
2137,40.6900,42.5300,0.4300,0.7900,0.7900,0.7000
2147,40.6900,42.5300,0.4300,0.7900,0.7900,0.7000
2157,40.6900,42.5300,0.4300,0.7900,0.7900,0.7000
2167,40.6900,42.5300,0.4300,0.7900,0.7900,0.7000
2177,40.6900,42.5300,0.4300,0.7900,0.7900,0.7000
2187,40.6900,42.5300,0.4300,0.7900,0.7900,0.7000
2197,40.6900,42.5300,0.4300,0.7900,0.7900,0.7000
2207,40.6900,42.5300,0.4300,0.7900,0.7900,0.7000
2217,40.6900,42.5300,0.4300,0.7900,0.7900,0.7000
2227,40.6900,42.5300,0.4300,0.7900,0.7900,0.7000
2238,40.6900,42.5300,0.4300,0.7900,0.7900,0.7000
2248,40.6900,42.5300,0.4300,0.7900,0.7900,0.7000
2258,40.6900,42.5300,0.4300,0.7900,0.7900,0.7000
2268,40.6900,42.5300,0.4300,0.7900,0.7900,0.7000
2278,40.6900,42.5300,0.4300,0.7900,0.7900,0.7000
2288,40.6900,42.5300,0.4300,0.7900,0.7900,0.7000
2298,40.6900,42.5300,0.4300,0.7900,0.7900,0.7000
2308,40.6900,42.5300,0.4300,0.7900,0.7900,0.7000
2318,40.6900,42.5300,0.4300,0.7900,0.7900,0.7000
2328,40.6900,42.5300,0.4300,0.7900,0.7900,0.7000
2338,40.6900,42.5300,0.4300,0.7900,0.7900,0.7000
2348,40.6900,42.5300,0.4300,0.7900,0.7900,0.7000
2358,40.6900,42.5300,0.4300,0.7900,0.7900,0.7000
2369,40.6900,42.5300,0.4300,0.7900,0.7900,0.7000
2379,40.6900,42.5300,0.4300,0.7900,0.7900,0.7000
2389,40.6900,42.5300,0.4300,0.7900,0.7900,0.7000
2399,40.6900,42.5300,0.4300,0.7900,0.7900,0.7000
2409,40.6900,42.5300,0.4300,0.7900,0.7900,0.7000
2419,40.6900,42.5300,0.4300,0.7900,0.7900,0.7000
2429,40.6900,42.5300,0.4300,0.7900,0.7900,0.7000
2439,40.6900,42.5300,0.4300,0.7900,0.7900,0.7000
2449,40.6900,42.5300,0.4300,0.7900,0.7900,0.7000
2459,40.6900,42.5300,0.4300,0.7900,0.7900,0.7000
2469,40.6900,42.5300,0.4300,0.7900,0.7900,0.7000
2479,40.6900,42.5300,0.4300,0.7900,0.7900,0.7000
2490,40.6900,42.5300,0.4300,0.7900,0.7900,0.7000
2500,40.6900,42.5300,0.4300,0.7900,0.7900,0.7000
2510,40.6900,42.5300,0.4300,0.7900,0.7900,0.7000
2520,40.6900,42.5300,0.4300,0.7900,0.7900,0.7000
2530,40.6900,42.5300,0.4300,0.7900,0.7900,0.7000
2540,40.6900,42.5300,0.4300,0.7900,0.7900,0.7000
2550,40.6900,42.5300,0.4300,0.7900,0.7900,0.7000
2560,40.6900,42.5300,0.4300,0.7900,0.7900,0.7000
2570,40.6900,42.5300,0.4300,0.7900,0.7900,0.7000
2580,40.6900,42.5300,0.4300,0.7900,0.7900,0.7000
2590,40.6900,42.5300,0.4300,0.7900,0.7900,0.7000
2600,40.6900,42.5300,0.4300,0.7900,0.7900,0.7000
2611,40.6900,42.5300,0.4300,0.7900,0.7900,0.7000
2621,40.6900,42.5300,0.4300,0.7900,0.7900,0.7000
2631,40.6900,42.5300,0.4300,0.7900,0.7900,0.7000
2641,40.6900,42.5300,0.4300,0.7900,0.7900,0.7000
2651,40.6900,42.5300,0.4300,0.7900,0.7900,0.7000
2661,40.6900,42.5300,0.4300,0.7900,0.7900,0.7000
2671,40.6900,42.5300,0.4300,0.7900,0.7900,0.7000
2681,40.6900,42.5300,0.4300,0.7900,0.7900,0.7000
2691,40.6900,42.5300,0.4300,0.7900,0.7900,0.7000
2701,40.6900,42.5300,0.4300,0.7900,0.7900,0.7000
2711,40.6900,42.5300,0.4300,0.7900,0.7900,0.7000
2721,40.6900,42.5300,0.4300,0.7900,0.7900,0.7000
2731,40.6900,42.5300,0.4300,0.7900,0.7900,0.7000
2742,40.6900,42.5300,0.4300,0.7900,0.7900,0.7000
2752,40.6900,42.5300,0.4300,0.7900,0.7900,0.7000
2762,40.6900,42.5300,0.4300,0.7900,0.7900,0.7000
2772,40.6900,42.5300,0.4300,0.7900,0.7900,0.7000
2782,40.6900,42.5300,0.4300,0.7900,0.7900,0.7000
2792,40.6900,42.5300,0.4300,0.7900,0.7900,0.7000
2802,40.6900,42.5300,0.4300,0.7900,0.7900,0.7000
2812,40.6900,42.5300,0.4300,0.7900,0.7900,0.7000
2822,40.6900,42.5300,0.4300,0.7900,0.7900,0.7000
2832,40.6900,42.5300,0.4300,0.7900,0.7900,0.7000
2842,40.6900,42.5300,0.4300,0.7900,0.7900,0.7000
2852,40.6900,42.5300,0.4300,0.7900,0.7900,0.7000
2863,40.6900,42.5300,0.4300,0.7900,0.7900,0.7000
2873,40.6900,42.5300,0.4300,0.7900,0.7900,0.7000
2883,40.6900,42.5300,0.4300,0.7900,0.7900,0.7000
2893,40.6900,42.5300,0.4300,0.7900,0.7900,0.7000
2903,40.6900,42.5300,0.4300,0.7900,0.7900,0.7000
2913,40.6900,42.5300,0.4300,0.7900,0.7900,0.7000
2923,40.6900,42.5300,0.4300,0.7900,0.7900,0.7000
2933,40.6900,42.5300,0.4300,0.7900,0.7900,0.7000
2943,40.6900,42.5300,0.4300,0.7900,0.7900,0.7000
2953,40.6900,42.5300,0.4300,0.7900,0.7900,0.7000
2963,40.6900,42.5300,0.4300,0.7900,0.7900,0.7000
2973,40.6900,42.5300,0.4300,0.7900,0.7900,0.7000
2983,40.6900,42.5300,0.4300,0.7900,0.7900,0.7000
2994,40.6900,42.5300,0.4300,0.7900,0.7900,0.7000
3004,40.6900,42.5300,0.4300,0.7900,0.7900,0.7000
3014,40.6900,42.5300,0.4300,0.7900,0.7900,0.7000
3024,40.6900,42.5300,0.4300,0.7900,0.7900,0.7000
3034,40.6900,42.5300,0.4300,0.7900,0.7900,0.7000
3044,40.6900,42.5300,0.4300,0.7900,0.7900,0.7000
3054,40.6900,42.5300,0.4300,0.7900,0.7900,0.7000
3064,40.6900,42.5300,0.4300,0.7900,0.7900,0.7000
3074,40.6900,42.5300,0.4300,0.7900,0.7900,0.7000
3084,40.6900,42.5300,0.4300,0.7900,0.7900,0.7000
3094,40.6900,42.5300,0.4300,0.7900,0.7900,0.7000
3104,40.6900,42.5300,0.4300,0.7900,0.7900,0.7000
3114,40.6900,42.5300,0.4300,0.7900,0.7900,0.7000
3125,40.6900,42.5300,0.4300,0.7900,0.7900,0.7000
3135,40.6900,42.5300,0.4300,0.7900,0.7900,0.7000
3145,40.6900,42.5300,0.4300,0.7900,0.7900,0.7000
3155,40.6900,42.5300,0.4300,0.7900,0.7900,0.7000
3165,40.6900,42.5300,0.4300,0.7900,0.7900,0.7000
3175,40.6900,42.5300,0.4300,0.7900,0.7900,0.7000
3185,40.6900,42.5300,0.4300,0.7900,0.7900,0.7000
3195,40.6900,42.5300,0.4300,0.7900,0.7900,0.7000
3205,40.6900,42.5300,0.4300,0.7900,0.7900,0.7000
3215,40.6900,42.5300,0.4300,0.7900,0.7900,0.7000
3225,40.6900,42.5300,0.4300,0.7900,0.7900,0.7000
3235,40.6900,42.5300,0.4300,0.7900,0.7900,0.7000
3246,40.6900,42.5300,0.4300,0.7900,0.7900,0.7000
3256,40.6900,42.5300,0.4300,0.7900,0.7900,0.7000
3266,40.6900,42.5300,0.4300,0.7900,0.7900,0.7000
3276,40.6900,42.5300,0.4300,0.7900,0.7900,0.7000
3286,40.6900,42.5300,0.4300,0.7900,0.7900,0.7000
3296,40.6900,42.5300,0.4300,0.7900,0.7900,0.7000
3306,40.6900,42.5300,0.4300,0.7900,0.7900,0.7000
3316,40.6900,42.5300,0.4300,0.7900,0.7900,0.7000
3326,40.6900,42.5300,0.4300,0.7900,0.7900,0.7000
3336,40.6900,42.5300,0.4300,0.7900,0.7900,0.7000
3346,40.6900,42.5300,0.4300,0.7900,0.7900,0.7000
3356,40.6900,42.5300,0.4300,0.7900,0.7900,0.7000
3366,40.6900,42.5300,0.4300,0.7900,0.7900,0.7000
3377,40.6900,42.5300,0.4300,0.7900,0.7900,0.7000
3387,40.6900,42.5300,0.4300,0.7900,0.7900,0.7000
3397,40.6900,42.5300,0.4300,0.7900,0.7900,0.7000
3407,40.6900,42.5300,0.4300,0.7900,0.7900,0.7000
3417,40.6900,42.5300,0.4300,0.7900,0.7900,0.7000
3427,40.6900,42.5300,0.4300,0.7900,0.7900,0.7000
3437,40.6900,42.5300,0.4300,0.7900,0.7900,0.7000
3447,40.6900,42.5300,0.4300,0.7900,0.7900,0.7000
3457,40.6900,42.5300,0.4300,0.7900,0.7900,0.7000
3467,40.6900,42.5300,0.4300,0.7900,0.7900,0.7000
3477,40.6900,42.5300,0.4300,0.7900,0.7900,0.7000
3488,40.6900,42.5300,0.4300,0.7900,0.7900,0.7000
3498,40.6900,42.5300,0.4300,0.7900,0.7900,0.7000
3508,40.6900,42.5300,0.4300,0.7900,0.7900,0.7000
3518,40.6900,42.5300,0.4300,0.7900,0.7900,0.7000
3528,40.6900,42.5300,0.4300,0.7900,0.7900,0.7000
3538,40.6900,42.5300,0.4300,0.7900,0.7900,0.7000
3548,40.6900,42.5300,0.4300,0.7900,0.7900,0.7000
3558,40.6900,42.5300,0.4300,0.7900,0.7900,0.7000
3568,40.6900,42.5300,0.4300,0.7900,0.7900,0.7000
3578,40.6900,42.5300,0.4300,0.7900,0.7900,0.7000
3588,40.6900,42.5300,0.4300,0.7900,0.7900,0.7000
3598,40.6900,42.5300,0.4300,0.7900,0.7900,0.7000
3608,40.6900,42.5300,0.4300,0.7900,0.7900,0.7000
3619,40.6900,42.5300,0.4300,0.7900,0.7900,0.7000
3629,40.6900,42.5300,0.4300,0.7900,0.7900,0.7000
3639,40.6900,42.5300,0.4300,0.7900,0.7900,0.7000
3649,40.6900,42.5300,0.4300,0.7900,0.7900,0.7000
3659,40.6900,42.5300,0.4300,0.7900,0.7900,0.7000
3669,40.6900,42.5300,0.4300,0.7900,0.7900,0.7000
3679,40.6900,42.5300,0.4300,0.7900,0.7900,0.7000
3689,40.6900,42.5300,0.4300,0.7900,0.7900,0.7000
3699,40.6900,42.5300,0.4300,0.7900,0.7900,0.7000
3709,40.6900,42.5300,0.4300,0.7900,0.7900,0.7000
3719,40.6900,42.5300,0.4300,0.7900,0.7900,0.7000
3729,40.6900,42.5300,0.4300,0.7900,0.7900,0.7000
3740,40.6900,42.5300,0.4300,0.7900,0.7900,0.7000
3750,40.6900,42.5300,0.4300,0.7900,0.7900,0.7000
3760,40.6900,42.5300,0.4300,0.7900,0.7900,0.7000
3770,40.6900,42.5300,0.4300,0.7900,0.7900,0.7000
3780,40.6900,42.5300,0.4300,0.7900,0.7900,0.7000
3790,40.6900,42.5300,0.4300,0.7900,0.7900,0.7000
3800,40.6900,42.5300,0.4300,0.7900,0.7900,0.7000
3810,40.6900,42.5300,0.4300,0.7900,0.7900,0.7000
3820,40.6900,42.5300,0.4300,0.7900,0.7900,0.7000
3830,40.6900,42.5300,0.4300,0.7900,0.7900,0.7000
3840,40.6900,42.5300,0.4300,0.7900,0.7900,0.7000
3850,40.6900,42.5300,0.4300,0.7900,0.7900,0.7000
3860,40.6900,42.5300,0.4300,0.7900,0.7900,0.7000
3871,40.6900,42.5300,0.4300,0.7900,0.7900,0.7000
3881,40.6900,42.5300,0.4300,0.7900,0.7900,0.7000
3891,40.6900,42.5300,0.4300,0.7900,0.7900,0.7000
3901,40.6900,42.5300,0.4300,0.7900,0.7900,0.7000
3911,40.6900,42.5300,0.4300,0.7900,0.7900,0.7000
3921,40.6900,42.5300,0.4300,0.7900,0.7900,0.7000
3931,40.6900,42.5300,0.4300,0.7900,0.7900,0.7000
3941,40.6900,42.5300,0.4300,0.7900,0.7900,0.7000
3951,40.6900,42.5300,0.4300,0.7900,0.7900,0.7000
3961,40.6900,42.5300,0.4300,0.7900,0.7900,0.7000
3971,40.6900,42.5300,0.4300,0.7900,0.7900,0.7000
3982,40.6900,42.5300,0.4300,0.7900,0.7900,0.7000
3992,40.6900,42.5300,0.4300,0.7900,0.7900,0.7000
4002,40.6900,42.5300,0.4300,0.7900,0.7900,0.7000
4012,40.6900,42.5300,0.4300,0.7900,0.7900,0.7000
4022,40.6900,42.5300,0.4300,0.7900,0.7900,0.7000
4032,40.6900,42.5300,0.4300,0.7900,0.7900,0.7000
4042,40.6900,42.5300,0.4300,0.7900,0.7900,0.7000
4052,40.6900,42.5300,0.4300,0.7900,0.7900,0.7000
4062,40.6900,42.5300,0.4300,0.7900,0.7900,0.7000
4072,40.6900,42.5300,0.4300,0.7900,0.7900,0.7000
4082,40.6900,42.5300,0.4300,0.7900,0.7900,0.7000
4092,40.6900,42.5300,0.4300,0.7900,0.7900,0.7000
4102,40.6900,42.5300,0.4300,0.7900,0.7900,0.7000
4113,40.6900,42.5300,0.4300,0.7900,0.7900,0.7000
4123,40.6900,42.5300,0.4300,0.7900,0.7900,0.7000
4133,40.6900,42.5300,0.4300,0.7900,0.7900,0.7000
4143,40.6900,42.5300,0.4300,0.7900,0.7900,0.7000
4153,40.6900,42.5300,0.4300,0.7900,0.7900,0.7000
4163,40.6900,42.5300,0.4300,0.7900,0.7900,0.7000
4173,40.6900,42.5300,0.4300,0.7900,0.7900,0.7000
4183,40.6900,42.5300,0.4300,0.7900,0.7900,0.7000
4193,40.6900,42.5300,0.4300,0.7900,0.7900,0.7000
4203,40.6900,42.5300,0.4300,0.7900,0.7900,0.7000
4213,40.6900,42.5300,0.4300,0.7900,0.7900,0.7000
4223,40.6900,42.5300,0.4300,0.7900,0.7900,0.7000
4233,40.6900,42.5300,0.4300,0.7900,0.7900,0.7000
4244,40.6900,42.5300,0.4300,0.7900,0.7900,0.7000
4254,40.6900,42.5300,0.4300,0.7900,0.7900,0.7000
4264,40.6900,42.5300,0.4300,0.7900,0.7900,0.7000
4274,40.6900,42.5300,0.4300,0.7900,0.7900,0.7000
4284,40.6900,42.5300,0.4300,0.7900,0.7900,0.7000
4294,40.6900,42.5300,0.4300,0.7900,0.7900,0.7000
4304,40.6900,42.5300,0.4300,0.7900,0.7900,0.7000
4314,40.6900,42.5300,0.4300,0.7900,0.7900,0.7000
4324,40.6900,42.5300,0.4300,0.7900,0.7900,0.7000
4334,40.6900,42.5300,0.4300,0.7900,0.7900,0.7000
4344,40.6900,42.5300,0.4300,0.7900,0.7900,0.7000
4354,40.6900,42.5300,0.4300,0.7900,0.7900,0.7000
4365,40.6900,42.5300,0.4300,0.7900,0.7900,0.7000
4375,40.6900,42.5300,0.4300,0.7900,0.7900,0.7000
4385,40.6900,42.5300,0.4300,0.7900,0.7900,0.7000
4395,40.6900,42.5300,0.4300,0.7900,0.7900,0.7000
4405,40.6900,42.5300,0.4300,0.7900,0.7900,0.7000
4415,40.6900,42.5300,0.4300,0.7900,0.7900,0.7000
4425,40.6900,42.5300,0.4300,0.7900,0.7900,0.7000
4435,40.6900,42.5300,0.4300,0.7900,0.7900,0.7000
4445,40.6900,42.5300,0.4300,0.7900,0.7900,0.7000
4455,40.6900,42.5300,0.4300,0.7900,0.7900,0.7000
4465,40.6900,42.5300,0.4300,0.7900,0.7900,0.7000
4475,40.6900,42.5300,0.4300,0.7900,0.7900,0.7000
4485,40.6900,42.5300,0.4300,0.7900,0.7900,0.7000
4496,40.6900,42.5300,0.4300,0.7900,0.7900,0.7000
4506,40.6900,42.5300,0.4300,0.7900,0.7900,0.7000
4516,40.6900,42.5300,0.4300,0.7900,0.7900,0.7000
4526,40.6900,42.5300,0.4300,0.7900,0.7900,0.7000
4536,40.6900,42.5300,0.4300,0.7900,0.7900,0.7000
4546,40.6900,42.5300,0.4300,0.7900,0.7900,0.7000
4556,40.6900,42.5300,0.4300,0.7900,0.7900,0.7000
4566,40.6900,42.5300,0.4300,0.7900,0.7900,0.7000
4576,40.6900,42.5300,0.4300,0.7900,0.7900,0.7000
4586,40.6900,42.5300,0.4300,0.7900,0.7900,0.7000
4596,40.6900,42.5300,0.4300,0.7900,0.7900,0.7000
4607,40.6900,42.5300,0.4300,0.7900,0.7900,0.7000
4617,40.6900,42.5300,0.4300,0.7900,0.7900,0.7000
4627,40.6900,42.5300,0.4300,0.7900,0.7900,0.7000
4637,40.6900,42.5300,0.4300,0.7900,0.7900,0.7000
4647,40.6900,42.5300,0.4300,0.7900,0.7900,0.7000
4657,40.6900,42.5300,0.4300,0.7900,0.7900,0.7000
4667,40.6900,42.5300,0.4300,0.7900,0.7900,0.7000
4677,40.6900,42.5300,0.4300,0.7900,0.7900,0.7000
4687,40.6900,42.5300,0.4300,0.7900,0.7900,0.7000
4697,40.6900,42.5300,0.4300,0.7900,0.7900,0.7000
4707,40.6900,42.5300,0.4300,0.7900,0.7900,0.7000
4717,40.6900,42.5300,0.4300,0.7900,0.7900,0.7000
4727,40.6900,42.5300,0.4300,0.7900,0.7900,0.7000
4738,40.6900,42.5300,0.4300,0.7900,0.7900,0.7000
4748,40.6900,42.5300,0.4300,0.7900,0.7900,0.7000
4758,40.6900,42.5300,0.4300,0.7900,0.7900,0.7000
4768,40.6900,42.5300,0.4300,0.7900,0.7900,0.7000
4778,40.6900,42.5300,0.4300,0.7900,0.7900,0.7000
4788,40.6900,42.5300,0.4300,0.7900,0.7900,0.7000
4798,40.6900,42.5300,0.4300,0.7900,0.7900,0.7000
4808,40.6900,42.5300,0.4300,0.7900,0.7900,0.7000
4818,40.6900,42.5300,0.4300,0.7900,0.7900,0.7000
4828,40.6900,42.5300,0.4300,0.7900,0.7900,0.7000
4838,40.6900,42.5300,0.4300,0.7900,0.7900,0.7000
4848,40.6900,42.5300,0.4300,0.7900,0.7900,0.7000
4859,40.6900,42.5300,0.4300,0.7900,0.7900,0.7000
4869,40.6900,42.5300,0.4300,0.7900,0.7900,0.7000
4879,40.6900,42.5300,0.4300,0.7900,0.7900,0.7000
4889,40.6900,42.5300,0.4300,0.7900,0.7900,0.7000
4899,40.6900,42.5300,0.4300,0.7900,0.7900,0.7000
4909,40.6900,42.5300,0.4300,0.7900,0.7900,0.7000
4919,40.6900,42.5300,0.4300,0.7900,0.7900,0.7000
4929,40.6900,42.5300,0.4300,0.7900,0.7900,0.7000
4939,40.6900,42.5300,0.4300,0.7900,0.7900,0.7000
4949,40.6900,42.5300,0.4300,0.7900,0.7900,0.7000
4959,40.6900,42.5300,0.4300,0.7900,0.7900,0.7000
4969,40.6900,42.5300,0.4300,0.7900,0.7900,0.7000
4979,40.6900,42.5300,0.4300,0.7900,0.7900,0.7000
4990,40.6900,42.5300,0.4300,0.7900,0.7900,0.7000
5000,40.6900,42.5300,0.4300,0.7900,0.7900,0.7000
5010,40.6900,42.5300,0.4300,0.7900,0.7900,0.7000
5020,40.6900,42.5300,0.4300,0.7900,0.7900,0.7000
5030,40.6900,42.5300,0.4300,0.7900,0.7900,0.7000
5040,40.6900,42.5300,0.4300,0.7900,0.7900,0.7000
5050,40.6900,42.5300,0.4300,0.7900,0.7900,0.7000
5060,40.6900,42.5300,0.4300,0.7900,0.7900,0.7000
5070,40.6900,42.5300,0.4300,0.7900,0.7900,0.7000
5080,40.6900,42.5300,0.4300,0.7900,0.7900,0.7000
5090,40.6900,42.5300,0.4300,0.7900,0.7900,0.7000
5101,40.6900,42.5300,0.4300,0.7900,0.7900,0.7000
5111,40.6900,42.5300,0.4300,0.7900,0.7900,0.7000
5121,40.6900,42.5300,0.4300,0.7900,0.7900,0.7000
5131,40.6900,42.5300,0.4300,0.7900,0.7900,0.7000
5141,40.6900,42.5300,0.4300,0.7900,0.7900,0.7000
5151,40.6900,42.5300,0.4300,0.7900,0.7900,0.7000
5161,40.6900,42.5300,0.4300,0.7900,0.7900,0.7000
5171,40.6900,42.5300,0.4300,0.7900,0.7900,0.7000
5181,40.6900,42.5300,0.4300,0.7900,0.7900,0.7000
5191,40.6900,42.5300,0.4300,0.7900,0.7900,0.7000
5201,40.6900,42.5300,0.4300,0.7900,0.7900,0.7000
5211,40.6900,42.5300,0.4300,0.7900,0.7900,0.7000
5222,40.6900,42.5300,0.4300,0.7900,0.7900,0.7000
5232,40.6900,42.5300,0.4300,0.7900,0.7900,0.7000
5242,40.6900,42.5300,0.4300,0.7900,0.7900,0.7000
5252,40.6900,42.5300,0.4300,0.7900,0.7900,0.7000
5262,40.6900,42.5300,0.4300,0.7900,0.7900,0.7000
5272,40.6900,42.5300,0.4300,0.7900,0.7900,0.7000
5282,40.6900,42.5300,0.4300,0.7900,0.7900,0.7000
5292,40.6900,42.5300,0.4300,0.7900,0.7900,0.7000
5302,40.6900,42.5300,0.4300,0.7900,0.7900,0.7000
5312,40.6900,42.5300,0.4300,0.7900,0.7900,0.7000
5322,40.6900,42.5300,0.4300,0.7900,0.7900,0.7000
5332,40.6900,42.5300,0.4300,0.7900,0.7900,0.7000
5343,40.6900,42.5300,0.4300,0.7900,0.7900,0.7000
5353,40.6900,42.5300,0.4300,0.7900,0.7900,0.7000
5363,40.6900,42.5300,0.4300,0.7900,0.7900,0.7000
5373,40.6900,42.5300,0.4300,0.7900,0.7900,0.7000
5383,40.6900,42.5300,0.4300,0.7900,0.7900,0.7000
5393,40.6900,42.5300,0.4300,0.7900,0.7900,0.7000
5403,40.6900,42.5300,0.4300,0.7900,0.7900,0.7000
5413,40.6900,42.5300,0.4300,0.7900,0.7900,0.7000
5423,40.6900,42.5300,0.4300,0.7900,0.7900,0.7000
5433,40.6900,42.5300,0.4300,0.7900,0.7900,0.7000
5443,40.6900,42.5300,0.4300,0.7900,0.7900,0.7000
5454,40.6900,42.5300,0.4300,0.7900,0.7900,0.7000
5464,40.6900,42.5300,0.4300,0.7900,0.7900,0.7000
5474,40.6900,42.5300,0.4300,0.7900,0.7900,0.7000
5484,40.6900,42.5300,0.4300,0.7900,0.7900,0.7000
5494,40.6900,42.5300,0.4300,0.7900,0.7900,0.7000
5504,40.6900,42.5300,0.4300,0.7900,0.7900,0.7000
5514,40.6900,42.5300,0.4300,0.7900,0.7900,0.7000
5524,40.6900,42.5300,0.4300,0.7900,0.7900,0.7000
5534,40.6900,42.5300,0.4300,0.7900,0.7900,0.7000
5544,40.6900,42.5300,0.4300,0.7900,0.7900,0.7000
5554,40.6900,42.5300,0.4300,0.7900,0.7900,0.7000
5564,40.6900,42.5300,0.4300,0.7900,0.7900,0.7000
5575,40.6900,42.5300,0.4300,0.7900,0.7900,0.7000
5585,40.6900,42.5300,0.4300,0.7900,0.7900,0.7000
5595,40.6900,42.5300,0.4300,0.7900,0.7900,0.7000
5605,40.6900,42.5300,0.4300,0.7900,0.7900,0.7000
5615,40.6900,42.5300,0.4300,0.7900,0.7900,0.7000
5625,40.6900,42.5300,0.4300,0.7900,0.7900,0.7000
5635,40.6900,42.5300,0.4300,0.7900,0.7900,0.7000
5645,40.6900,42.5300,0.4300,0.7900,0.7900,0.7000
5655,40.6900,42.5300,0.4300,0.7900,0.7900,0.7000
5665,40.6900,42.5300,0.4300,0.7900,0.7900,0.7000
5675,40.6900,42.5300,0.4300,0.7900,0.7900,0.7000
5685,40.6900,42.5300,0.4300,0.7900,0.7900,0.7000
5695,40.6900,42.5300,0.4300,0.7900,0.7900,0.7000
5706,40.6900,42.5300,0.4300,0.7900,0.7900,0.7000
5716,40.6900,42.5300,0.4300,0.7900,0.7900,0.7000
5726,40.6900,42.5300,0.4300,0.7900,0.7900,0.7000
5736,40.6900,42.5300,0.4300,0.7900,0.7900,0.7000
5746,40.6900,42.5300,0.4300,0.7900,0.7900,0.7000
5756,40.6900,42.5300,0.4300,0.7900,0.7900,0.7000
5766,40.6900,42.5300,0.4300,0.7900,0.7900,0.7000
5776,40.6900,42.5300,0.4300,0.7900,0.7900,0.7000
5786,40.6900,42.5300,0.4300,0.7900,0.7900,0.7000
5796,40.6900,42.5300,0.4300,0.7900,0.7900,0.7000
5806,40.6900,42.5300,0.4300,0.7900,0.7900,0.7000
5816,40.6900,42.5300,0.4300,0.7900,0.7900,0.7000
5826,40.6900,42.5300,0.4300,0.7900,0.7900,0.7000
5837,40.6900,42.5300,0.4300,0.7900,0.7900,0.7000
5847,40.6900,42.5300,0.4300,0.7900,0.7900,0.7000
5857,40.6900,42.5300,0.4300,0.7900,0.7900,0.7000
5867,40.6900,42.5300,0.4300,0.7900,0.7900,0.7000
5877,40.6900,42.5300,0.4300,0.7900,0.7900,0.7000
5887,40.6900,42.5300,0.4300,0.7900,0.7900,0.7000
5897,40.6900,42.5300,0.4300,0.7900,0.7900,0.7000
5907,40.6900,42.5300,0.4300,0.7900,0.7900,0.7000
5917,40.6900,42.5300,0.4300,0.7900,0.7900,0.7000
5927,40.6900,42.5300,0.4300,0.7900,0.7900,0.7000
5937,40.6900,42.5300,0.4300,0.7900,0.7900,0.7000
5948,40.6900,42.5300,0.4300,0.7900,0.7900,0.7000
5958,40.6900,42.5300,0.4300,0.7900,0.7900,0.7000
5968,40.6900,42.5300,0.4300,0.7900,0.7900,0.7000
5978,40.6900,42.5300,0.4300,0.7900,0.7900,0.7000
5988,40.6900,42.5300,0.4300,0.7900,0.7900,0.7000
5998,40.6900,42.5300,0.4300,0.7900,0.7900,0.7000
6008,40.6900,42.5300,0.4300,0.7900,0.7900,0.7000
6018,40.6900,42.5300,0.4300,0.7900,0.7900,0.7000
6028,40.6900,42.5300,0.4300,0.7900,0.7900,0.7000
6038,40.6900,42.5300,0.4300,0.7900,0.7900,0.7000
6048,40.6900,42.5300,0.4300,0.7900,0.7900,0.7000
6058,40.6900,42.5300,0.4300,0.7900,0.7900,0.7000
6068,40.6900,42.5300,0.4300,0.7900,0.7900,0.7000
6079,40.6900,42.5300,0.4300,0.7900,0.7900,0.7000
6089,40.6900,42.5300,0.4300,0.7900,0.7900,0.7000
6099,40.6900,42.5300,0.4300,0.7900,0.7900,0.7000
6109,40.6900,42.5300,0.4300,0.7900,0.7900,0.7000
6119,40.6900,42.5300,0.4300,0.7900,0.7900,0.7000
6129,40.6900,42.5300,0.4300,0.7900,0.7900,0.7000
6139,40.6900,42.5300,0.4300,0.7900,0.7900,0.7000
6149,40.6900,42.5300,0.4300,0.7900,0.7900,0.7000
6159,40.6900,42.5300,0.4300,0.7900,0.7900,0.7000
6169,40.6900,42.5300,0.4300,0.7900,0.7900,0.7000
6179,40.6900,42.5300,0.4300,0.7900,0.7900,0.7000
6189,40.6900,42.5300,0.4300,0.7900,0.7900,0.7000
6199,40.6900,42.5300,0.4300,0.7900,0.7900,0.7000
6210,40.6900,42.5300,0.4300,0.7900,0.7900,0.7000
6220,40.6900,42.5300,0.4300,0.7900,0.7900,0.7000
6230,40.6900,42.5300,0.4300,0.7900,0.7900,0.7000
6240,40.6900,42.5300,0.4300,0.7900,0.7900,0.7000
6250,40.6900,42.5300,0.4300,0.7900,0.7900,0.7000
6260,40.6900,42.5300,0.4300,0.7900,0.7900,0.7000
6270,40.6900,42.5300,0.4300,0.7900,0.7900,0.7000
6280,40.6900,42.5300,0.4300,0.7900,0.7900,0.7000
6290,40.6900,42.5300,0.4300,0.7900,0.7900,0.7000
6300,40.6900,42.5300,0.4300,0.7900,0.7900,0.7000
6310,40.6900,42.5300,0.4300,0.7900,0.7900,0.7000
6320,40.6900,42.5300,0.4300,0.7900,0.7900,0.7000
6331,40.6900,42.5300,0.4300,0.7900,0.7900,0.7000
6341,40.6900,42.5300,0.4300,0.7900,0.7900,0.7000
6351,40.6900,42.5300,0.4300,0.7900,0.7900,0.7000
6361,40.6900,42.5300,0.4300,0.7900,0.7900,0.7000
6371,40.6900,42.5300,0.4300,0.7900,0.7900,0.7000
6381,40.6900,42.5300,0.4300,0.7900,0.7900,0.7000
6391,40.6900,42.5300,0.4300,0.7900,0.7900,0.7000
6401,40.6900,42.5300,0.4300,0.7900,0.7900,0.7000
6411,40.6900,42.5300,0.4300,0.7900,0.7900,0.7000
6421,40.6900,42.5300,0.4300,0.7900,0.7900,0.7000
6431,40.6900,42.5300,0.4300,0.7900,0.7900,0.7000
6441,40.6900,42.5300,0.4300,0.7900,0.7900,0.7000
6452,40.6900,42.5300,0.4300,0.7900,0.7900,0.7000
6462,40.6900,42.5300,0.4300,0.7900,0.7900,0.7000
6472,40.6900,42.5300,0.4300,0.7900,0.7900,0.7000
6482,40.6900,42.5300,0.4300,0.7900,0.7900,0.7000
6492,40.6900,42.5300,0.4300,0.7900,0.7900,0.7000
6502,40.6900,42.5300,0.4300,0.7900,0.7900,0.7000
6512,40.6900,42.5300,0.4300,0.7900,0.7900,0.7000
6522,40.6900,42.5300,0.4300,0.7900,0.7900,0.7000
6532,40.6900,42.5300,0.4300,0.7900,0.7900,0.7000
6542,40.6900,42.5300,0.4300,0.7900,0.7900,0.7000
6552,40.6900,42.5300,0.4300,0.7900,0.7900,0.7000
6562,40.6900,42.5300,0.4300,0.7900,0.7900,0.7000
6572,40.6900,42.5300,0.4300,0.7900,0.7900,0.7000
6583,40.6900,42.5300,0.4300,0.7900,0.7900,0.7000
6593,40.6900,42.5300,0.4300,0.7900,0.7900,0.7000
6603,40.6900,42.5300,0.4300,0.7900,0.7900,0.7000
6613,40.6900,42.5300,0.4300,0.7900,0.7900,0.7000
6623,40.6900,42.5300,0.4300,0.7900,0.7900,0.7000
6633,40.6900,42.5300,0.4300,0.7900,0.7900,0.7000
6643,40.6900,42.5300,0.4300,0.7900,0.7900,0.7000
6653,40.6900,42.5300,0.4300,0.7900,0.7900,0.7000
6663,40.6900,42.5300,0.4300,0.7900,0.7900,0.7000
6673,40.6900,42.5300,0.4300,0.7900,0.7900,0.7000
6683,40.6900,42.5300,0.4300,0.7900,0.7900,0.7000
6694,40.6900,42.5300,0.4300,0.7900,0.7900,0.7000
6704,40.6900,42.5300,0.4300,0.7900,0.7900,0.7000
6714,40.6900,42.5300,0.4300,0.7900,0.7900,0.7000
6724,40.6900,42.5300,0.4300,0.7900,0.7900,0.7000
6734,40.6900,42.5300,0.4300,0.7900,0.7900,0.7000
6744,40.6900,42.5300,0.4300,0.7900,0.7900,0.7000
6754,40.6900,42.5300,0.4300,0.7900,0.7900,0.7000
6764,40.6900,42.5300,0.4300,0.7900,0.7900,0.7000
6774,40.6900,42.5300,0.4300,0.7900,0.7900,0.7000
6784,40.6900,42.5300,0.4300,0.7900,0.7900,0.7000
6795,40.6900,42.5300,0.4300,0.7900,0.7900,0.7000
6805,40.6900,42.5300,0.4300,0.7900,0.7900,0.7000
6815,40.6900,42.5300,0.4300,0.7900,0.7900,0.7000
6825,40.6900,42.5300,0.4300,0.7900,0.7900,0.7000
6835,40.6900,42.5300,0.4300,0.7900,0.7900,0.7000
6845,40.6900,42.5300,0.4300,0.7900,0.7900,0.7000
6855,40.6900,42.5300,0.4300,0.7900,0.7900,0.7000
6865,40.6900,42.5300,0.4300,0.7900,0.7900,0.7000
6875,40.6900,42.5300,0.4300,0.7900,0.7900,0.7000
6885,40.6900,42.5300,0.4300,0.7900,0.7900,0.7000
6895,40.6900,42.5300,0.4300,0.7900,0.7900,0.7000
6905,40.6900,42.5300,0.4300,0.7900,0.7900,0.7000
6916,40.6900,42.5300,0.4300,0.7900,0.7900,0.7000
6926,40.6900,42.5300,0.4300,0.7900,0.7900,0.7000
6936,40.6900,42.5300,0.4300,0.7900,0.7900,0.7000
6946,40.6900,42.5300,0.4300,0.7900,0.7900,0.7000
6956,40.6900,42.5300,0.4300,0.7900,0.7900,0.7000
6966,40.6900,42.5300,0.4300,0.7900,0.7900,0.7000
6976,40.6900,42.5300,0.4300,0.7900,0.7900,0.7000
6986,40.6900,42.5300,0.4300,0.7900,0.7900,0.7000
6996,40.6900,42.5300,0.4300,0.7900,0.7900,0.7000
7006,40.6900,42.5300,0.4300,0.7900,0.7900,0.7000
7016,40.6900,42.5300,0.4300,0.7900,0.7900,0.7000
7026,40.6900,42.5300,0.4300,0.7900,0.7900,0.7000
7037,40.6900,42.5300,0.4300,0.7900,0.7900,0.7000
7047,40.6900,42.5300,0.4300,0.7900,0.7900,0.7000
7057,40.6900,42.5300,0.4300,0.7900,0.7900,0.7000
7067,40.6900,42.5300,0.4300,0.7900,0.7900,0.7000
7077,40.6900,42.5300,0.4300,0.7900,0.7900,0.7000
7087,40.6900,42.5300,0.4300,0.7900,0.7900,0.7000
7097,40.6900,42.5300,0.4300,0.7900,0.7900,0.7000
7107,40.6900,42.5300,0.4300,0.7900,0.7900,0.7000
7117,40.6900,42.5300,0.4300,0.7900,0.7900,0.7000
7127,40.6900,42.5300,0.4300,0.7900,0.7900,0.7000
7137,40.6900,42.5300,0.4300,0.7900,0.7900,0.7000
7147,40.6900,42.5300,0.4300,0.7900,0.7900,0.7000
7157,40.6900,42.5300,0.4300,0.7900,0.7900,0.7000
7168,40.6900,42.5300,0.4300,0.7900,0.7900,0.7000
7178,40.6900,42.5300,0.4300,0.7900,0.7900,0.7000
7188,40.6900,42.5300,0.4300,0.7900,0.7900,0.7000
7198,40.6900,42.5300,0.4300,0.7900,0.7900,0.7000
7208,40.6900,42.5300,0.4300,0.7900,0.7900,0.7000
7218,40.6900,42.5300,0.4300,0.7900,0.7900,0.7000
7228,40.6900,42.5300,0.4300,0.7900,0.7900,0.7000
7238,40.6900,42.5300,0.4300,0.7900,0.7900,0.7000
7248,40.6900,42.5300,0.4300,0.7900,0.7900,0.7000
7258,40.6900,42.5300,0.4300,0.7900,0.7900,0.7000
7268,40.6900,42.5300,0.4300,0.7900,0.7900,0.7000
7278,40.6900,42.5300,0.4300,0.7900,0.7900,0.7000
7289,40.6900,42.5300,0.4300,0.7900,0.7900,0.7000
7299,40.6900,42.5300,0.4300,0.7900,0.7900,0.7000
7309,40.6900,42.5300,0.4300,0.7900,0.7900,0.7000
7319,40.6900,42.5300,0.4300,0.7900,0.7900,0.7000
7329,40.6900,42.5300,0.4300,0.7900,0.7900,0.7000
7339,40.6900,42.5300,0.4300,0.7900,0.7900,0.7000
7349,40.6900,42.5300,0.4300,0.7900,0.7900,0.7000
7359,40.6900,42.5300,0.4300,0.7900,0.7900,0.7000
7369,40.6900,42.5300,0.4300,0.7900,0.7900,0.7000
7379,40.6900,42.5300,0.4300,0.7900,0.7900,0.7000
7389,40.6900,42.5300,0.4300,0.7900,0.7900,0.7000
7399,40.6900,42.5300,0.4300,0.7900,0.7900,0.7000
7410,40.6900,42.5300,0.4300,0.7900,0.7900,0.7000
7420,40.6900,42.5300,0.4300,0.7900,0.7900,0.7000
7430,40.6900,42.5300,0.4300,0.7900,0.7900,0.7000
7440,40.6900,42.5300,0.4300,0.7900,0.7900,0.7000
7450,40.6900,42.5300,0.4300,0.7900,0.7900,0.7000
7460,40.6900,42.5300,0.4300,0.7900,0.7900,0.7000
7470,40.6900,42.5300,0.4300,0.7900,0.7900,0.7000
7480,40.6900,42.5300,0.4300,0.7900,0.7900,0.7000
7490,40.6900,42.5300,0.4300,0.7900,0.7900,0.7000
7500,40.6900,42.5300,0.4300,0.7900,0.7900,0.7000
7510,40.6900,42.5300,0.4300,0.7900,0.7900,0.7000
7520,40.6900,42.5300,0.4300,0.7900,0.7900,0.7000
7530,40.6900,42.5300,0.4300,0.7900,0.7900,0.7000
7541,40.6900,42.5300,0.4300,0.7900,0.7900,0.7000
7551,40.6900,42.5300,0.4300,0.7900,0.7900,0.7000
7561,40.6900,42.5300,0.4300,0.7900,0.7900,0.7000
7571,40.6900,42.5300,0.4300,0.7900,0.7900,0.7000
7581,40.6900,42.5300,0.4300,0.7900,0.7900,0.7000
7591,40.6900,42.5300,0.4300,0.7900,0.7900,0.7000
7601,40.6900,42.5300,0.4300,0.7900,0.7900,0.7000
7611,40.6900,42.5300,0.4300,0.7900,0.7900,0.7000
7621,40.6900,42.5300,0.4300,0.7900,0.7900,0.7000
7631,40.6900,42.5300,0.4300,0.7900,0.7900,0.7000
7641,40.6900,42.5300,0.4300,0.7900,0.7900,0.7000
7652,40.6900,42.5300,0.4300,0.7900,0.7900,0.7000
7662,40.6900,42.5300,0.4300,0.7900,0.7900,0.7000
7672,40.6900,42.5300,0.4300,0.7900,0.7900,0.7000
7682,40.6900,42.5300,0.4300,0.7900,0.7900,0.7000
7692,40.6900,42.5300,0.4300,0.7900,0.7900,0.7000
7702,40.6900,42.5300,0.4300,0.7900,0.7900,0.7000
7712,40.6900,42.5300,0.4300,0.7900,0.7900,0.7000
7722,40.6900,42.5300,0.4300,0.7900,0.7900,0.7000
7732,40.6900,42.5300,0.4300,0.7900,0.7900,0.7000
7742,40.6900,42.5300,0.4300,0.7900,0.7900,0.7000
7752,40.6900,42.5300,0.4300,0.7900,0.7900,0.7000
7762,40.6900,42.5300,0.4300,0.7900,0.7900,0.7000
7773,40.6900,42.5300,0.4300,0.7900,0.7900,0.7000
7783,40.6900,42.5300,0.4300,0.7900,0.7900,0.7000
7793,40.6900,42.5300,0.4300,0.7900,0.7900,0.7000
7803,40.6900,42.5300,0.4300,0.7900,0.7900,0.7000
7813,40.6900,42.5300,0.4300,0.7900,0.7900,0.7000
7823,40.6900,42.5300,0.4300,0.7900,0.7900,0.7000
7833,40.6900,42.5300,0.4300,0.7900,0.7900,0.7000
7843,40.6900,42.5300,0.4300,0.7900,0.7900,0.7000
7853,40.6900,42.5300,0.4300,0.7900,0.7900,0.7000
7863,40.6900,42.5300,0.4300,0.7900,0.7900,0.7000
7873,40.6900,42.5300,0.4300,0.7900,0.7900,0.7000
7883,40.6900,42.5300,0.4300,0.7900,0.7900,0.7000
7894,40.6900,42.5300,0.4300,0.7900,0.7900,0.7000
7904,40.6900,42.5300,0.4300,0.7900,0.7900,0.7000
7914,40.6900,42.5300,0.4300,0.7900,0.7900,0.7000
7924,40.6900,42.5300,0.4300,0.7900,0.7900,0.7000
7934,40.6900,42.5300,0.4300,0.7900,0.7900,0.7000
7944,40.6900,42.5300,0.4300,0.7900,0.7900,0.7000
7954,40.6900,42.5300,0.4300,0.7900,0.7900,0.7000
7964,40.6900,42.5300,0.4300,0.7900,0.7900,0.7000
7974,40.6900,42.5300,0.4300,0.7900,0.7900,0.7000
7984,40.6900,42.5300,0.4300,0.7900,0.7900,0.7000
7994,40.6900,42.5300,0.4300,0.7900,0.7900,0.7000
8005,40.6900,42.5300,0.4300,0.7900,0.7900,0.7000
8015,40.6900,42.5300,0.4300,0.7900,0.7900,0.7000
8025,40.6900,42.5300,0.4300,0.7900,0.7900,0.7000
8035,40.6900,42.5300,0.4300,0.7900,0.7900,0.7000
8045,40.6900,42.5300,0.4300,0.7900,0.7900,0.7000
8055,40.6900,42.5300,0.4300,0.7900,0.7900,0.7000
8065,40.6900,42.5300,0.4300,0.7900,0.7900,0.7000
8075,40.6900,42.5300,0.4300,0.7900,0.7900,0.7000
8085,40.6900,42.5300,0.4300,0.7900,0.7900,0.7000
8095,40.6900,42.5300,0.4300,0.7900,0.7900,0.7000
8105,40.6900,42.5300,0.4300,0.7900,0.7900,0.7000
8115,40.6900,42.5300,0.4300,0.7900,0.7900,0.7000
8125,40.6900,42.5300,0.4300,0.7900,0.7900,0.7000
8136,40.6900,42.5300,0.4300,0.7900,0.7900,0.7000
8146,40.6900,42.5300,0.4300,0.7900,0.7900,0.7000
8156,40.6900,42.5300,0.4300,0.7900,0.7900,0.7000
8166,40.6900,42.5300,0.4300,0.7900,0.7900,0.7000
8176,40.6900,42.5300,0.4300,0.7900,0.7900,0.7000
8186,40.6900,42.5300,0.4300,0.7900,0.7900,0.7000
8196,40.6900,42.5300,0.4300,0.7900,0.7900,0.7000
8206,40.6900,42.5300,0.4300,0.7900,0.7900,0.7000
8216,40.6900,42.5300,0.4300,0.7900,0.7900,0.7000
8226,40.6900,42.5300,0.4300,0.7900,0.7900,0.7000
8236,40.6900,42.5300,0.4300,0.7900,0.7900,0.7000
8247,40.6900,42.5300,0.4300,0.7900,0.7900,0.7000
8257,40.6900,42.5300,0.4300,0.7900,0.7900,0.7000
8267,40.6900,42.5300,0.4300,0.7900,0.7900,0.7000
8277,40.6900,42.5300,0.4300,0.7900,0.7900,0.7000
8287,40.6900,42.5300,0.4300,0.7900,0.7900,0.7000
8297,40.6900,42.5300,0.4300,0.7900,0.7900,0.7000
8307,40.6900,42.5300,0.4300,0.7900,0.7900,0.7000
8317,40.6900,42.5300,0.4300,0.7900,0.7900,0.7000
8327,40.6900,42.5300,0.4300,0.7900,0.7900,0.7000
8337,40.6900,42.5300,0.4300,0.7900,0.7900,0.7000
8347,40.6900,42.5300,0.4300,0.7900,0.7900,0.7000
8357,40.6900,42.5300,0.4300,0.7900,0.7900,0.7000
8367,40.6900,42.5300,0.4300,0.7900,0.7900,0.7000
8378,40.6900,42.5300,0.4300,0.7900,0.7900,0.7000
8388,40.6900,42.5300,0.4300,0.7900,0.7900,0.7000
8398,40.6900,42.5300,0.4300,0.7900,0.7900,0.7000
8408,40.6900,42.5300,0.4300,0.7900,0.7900,0.7000
8418,40.6900,42.5300,0.4300,0.7900,0.7900,0.7000
8428,40.6900,42.5300,0.4300,0.7900,0.7900,0.7000
8438,40.6900,42.5300,0.4300,0.7900,0.7900,0.7000
8448,40.6900,42.5300,0.4300,0.7900,0.7900,0.7000
8458,40.6900,42.5300,0.4300,0.7900,0.7900,0.7000
8468,40.6900,42.5300,0.4300,0.7900,0.7900,0.7000
8478,40.6900,42.5300,0.4300,0.7900,0.7900,0.7000
8489,40.6900,42.5300,0.4300,0.7900,0.7900,0.7000
8499,40.6900,42.5300,0.4300,0.7900,0.7900,0.7000
8509,40.6900,42.5300,0.4300,0.7900,0.7900,0.7000
8519,40.6900,42.5300,0.4300,0.7900,0.7900,0.7000
8529,40.6900,42.5300,0.4300,0.7900,0.7900,0.7000
8539,40.6900,42.5300,0.4300,0.7900,0.7900,0.7000
8549,40.6900,42.5300,0.4300,0.7900,0.7900,0.7000
8559,40.6900,42.5300,0.4300,0.7900,0.7900,0.7000
8569,40.6900,42.5300,0.4300,0.7900,0.7900,0.7000
8579,40.6900,42.5300,0.4300,0.7900,0.7900,0.7000
8589,40.6900,42.5300,0.4300,0.7900,0.7900,0.7000
8599,40.6900,42.5300,0.4300,0.7900,0.7900,0.7000
8610,40.6900,42.5300,0.4300,0.7900,0.7900,0.7000
8620,40.6900,42.5300,0.4300,0.7900,0.7900,0.7000
8630,40.6900,42.5300,0.4300,0.7900,0.7900,0.7000
8640,40.6900,42.5300,0.4300,0.7900,0.7900,0.7000
8650,40.6900,42.5300,0.4300,0.7900,0.7900,0.7000
8660,40.6900,42.5300,0.4300,0.7900,0.7900,0.7000
8670,40.6900,42.5300,0.4300,0.7900,0.7900,0.7000
8680,40.6900,42.5300,0.4300,0.7900,0.7900,0.7000
8690,40.6900,42.5300,0.4300,0.7900,0.7900,0.7000
8700,40.6900,42.5300,0.4300,0.7900,0.7900,0.7000
8710,40.6900,42.5300,0.4300,0.7900,0.7900,0.7000
8720,40.6900,42.5300,0.4300,0.7900,0.7900,0.7000
8731,40.6900,42.5300,0.4300,0.7900,0.7900,0.7000
8741,40.6900,42.5300,0.4300,0.7900,0.7900,0.7000
8751,40.6900,42.5300,0.4300,0.7900,0.7900,0.7000
8761,40.6900,42.5300,0.4300,0.7900,0.7900,0.7000
8771,40.6900,42.5300,0.4300,0.7900,0.7900,0.7000
8781,40.6900,42.5300,0.4300,0.7900,0.7900,0.7000
8791,40.6900,42.5300,0.4300,0.7900,0.7900,0.7000
8801,40.6900,42.5300,0.4300,0.7900,0.7900,0.7000
8811,40.6900,42.5300,0.4300,0.7900,0.7900,0.7000
8821,40.6900,42.5300,0.4300,0.7900,0.7900,0.7000
8831,40.6900,42.5300,0.4300,0.7900,0.7900,0.7000
8841,40.6900,42.5300,0.4300,0.7900,0.7900,0.7000
8851,40.6900,42.5300,0.4300,0.7900,0.7900,0.7000
8862,40.6900,42.5300,0.4300,0.7900,0.7900,0.7000
8872,40.6900,42.5300,0.4300,0.7900,0.7900,0.7000
8882,40.6900,42.5300,0.4300,0.7900,0.7900,0.7000
8892,40.6900,42.5300,0.4300,0.7900,0.7900,0.7000
8902,40.6900,42.5300,0.4300,0.7900,0.7900,0.7000
8912,40.6900,42.5300,0.4300,0.7900,0.7900,0.7000
8922,40.6900,42.5300,0.4300,0.7900,0.7900,0.7000
8932,40.6900,42.5300,0.4300,0.7900,0.7900,0.7000
8942,40.6900,42.5300,0.4300,0.7900,0.7900,0.7000
8952,40.6900,42.5300,0.4300,0.7900,0.7900,0.7000
8962,40.6900,42.5300,0.4300,0.7900,0.7900,0.7000
8972,40.6900,42.5300,0.4300,0.7900,0.7900,0.7000
8983,40.6900,42.5300,0.4300,0.7900,0.7900,0.7000
8993,40.6900,42.5300,0.4300,0.7900,0.7900,0.7000
9003,40.6900,42.5300,0.4300,0.7900,0.7900,0.7000
9013,40.6900,42.5300,0.4300,0.7900,0.7900,0.7000
9023,40.6900,42.5300,0.4300,0.7900,0.7900,0.7000
9033,40.6900,42.5300,0.4300,0.7900,0.7900,0.7000
9043,40.6900,42.5300,0.4300,0.7900,0.7900,0.7000
9053,40.6900,42.5300,0.4300,0.7900,0.7900,0.7000
9063,40.6900,42.5300,0.4300,0.7900,0.7900,0.7000
9073,40.6900,42.5300,0.4300,0.7900,0.7900,0.7000
9083,40.6900,42.5300,0.4300,0.7900,0.7900,0.7000
9093,40.6900,42.5300,0.4300,0.7900,0.7900,0.7000
9104,40.6900,42.5300,0.4300,0.7900,0.7900,0.7000
9114,40.6900,42.5300,0.4300,0.7900,0.7900,0.7000
9124,40.6900,42.5300,0.4300,0.7900,0.7900,0.7000
9134,40.6900,42.5300,0.4300,0.7900,0.7900,0.7000
9144,40.6900,42.5300,0.4300,0.7900,0.7900,0.7000
9154,40.6900,42.5300,0.4300,0.7900,0.7900,0.7000
9164,40.6900,42.5300,0.4300,0.7900,0.7900,0.7000
9174,40.6900,42.5300,0.4300,0.7900,0.7900,0.7000
9184,40.6900,42.5300,0.4300,0.7900,0.7900,0.7000
9194,40.6900,42.5300,0.4300,0.7900,0.7900,0.7000
9204,40.6900,42.5300,0.4300,0.7900,0.7900,0.7000
9214,40.6900,42.5300,0.4300,0.7900,0.7900,0.7000
9225,40.6900,42.5300,0.4300,0.7900,0.7900,0.7000
9235,40.6900,42.5300,0.4300,0.7900,0.7900,0.7000
9245,40.6900,42.5300,0.4300,0.7900,0.7900,0.7000
9255,40.6900,42.5300,0.4300,0.7900,0.7900,0.7000
9265,40.6900,42.5300,0.4300,0.7900,0.7900,0.7000
9275,40.6900,42.5300,0.4300,0.7900,0.7900,0.7000
9285,40.6900,42.5300,0.4300,0.7900,0.7900,0.7000
9295,40.6900,42.5300,0.4300,0.7900,0.7900,0.7000
9305,40.6900,42.5300,0.4300,0.7900,0.7900,0.7000
9315,40.6900,42.5300,0.4300,0.7900,0.7900,0.7000
9325,40.6900,42.5300,0.4300,0.7900,0.7900,0.7000
9335,40.6900,42.5300,0.4300,0.7900,0.7900,0.7000
9346,40.6900,42.5300,0.4300,0.7900,0.7900,0.7000
9356,40.6900,42.5300,0.4300,0.7900,0.7900,0.7000
9366,40.6900,42.5300,0.4300,0.7900,0.7900,0.7000
9376,40.6900,42.5300,0.4300,0.7900,0.7900,0.7000
9386,40.6900,42.5300,0.4300,0.7900,0.7900,0.7000
9396,40.6900,42.5300,0.4300,0.7900,0.7900,0.7000
9406,40.6900,42.5300,0.4300,0.7900,0.7900,0.7000
9416,40.6900,42.5300,0.4300,0.7900,0.7900,0.7000
9426,40.6900,42.5300,0.4300,0.7900,0.7900,0.7000
9436,40.6900,42.5300,0.4300,0.7900,0.7900,0.7000
9446,40.6900,42.5300,0.4300,0.7900,0.7900,0.7000
9456,40.6900,42.5300,0.4300,0.7900,0.7900,0.7000
9467,40.6900,42.5300,0.4300,0.7900,0.7900,0.7000
9477,40.6900,42.5300,0.4300,0.7900,0.7900,0.7000
9487,40.6900,42.5300,0.4300,0.7900,0.7900,0.7000
9497,40.6900,42.5300,0.4300,0.7900,0.7900,0.7000
9507,40.6900,42.5300,0.4300,0.7900,0.7900,0.7000
9517,40.6900,42.5300,0.4300,0.7900,0.7900,0.7000
9527,40.6900,42.5300,0.4300,0.7900,0.7900,0.7000
9537,40.6900,42.5300,0.4300,0.7900,0.7900,0.7000
9547,40.6900,42.5300,0.4300,0.7900,0.7900,0.7000
9557,40.6900,42.5300,0.4300,0.7900,0.7900,0.7000
9567,40.6900,42.5300,0.4300,0.7900,0.7900,0.7000
9577,40.6900,42.5300,0.4300,0.7900,0.7900,0.7000
9587,40.6900,42.5300,0.4300,0.7900,0.7900,0.7000
9598,40.6900,42.5300,0.4300,0.7900,0.7900,0.7000
9608,40.6900,42.5300,0.4300,0.7900,0.7900,0.7000
9618,40.6900,42.5300,0.4300,0.7900,0.7900,0.7000
9628,40.6900,42.5300,0.4300,0.7900,0.7900,0.7000
9638,40.6900,42.5300,0.4300,0.7900,0.7900,0.7000
9648,40.6900,42.5300,0.4300,0.7900,0.7900,0.7000
9658,40.6900,42.5300,0.4300,0.7900,0.7900,0.7000
9668,40.6900,42.5300,0.4300,0.7900,0.7900,0.7000
9678,40.6900,42.5300,0.4300,0.7900,0.7900,0.7000
9688,40.6900,42.5300,0.4300,0.7900,0.7900,0.7000
9698,40.6900,42.5300,0.4300,0.7900,0.7900,0.7000
9708,40.6900,42.5300,0.4300,0.7900,0.7900,0.7000
9719,40.6900,42.5300,0.4300,0.7900,0.7900,0.7000
9729,40.6900,42.5300,0.4300,0.7900,0.7900,0.7000
9739,40.6900,42.5300,0.4300,0.7900,0.7900,0.7000
9749,40.6900,42.5300,0.4300,0.7900,0.7900,0.7000
9759,40.6900,42.5300,0.4300,0.7900,0.7900,0.7000
9769,40.6900,42.5300,0.4300,0.7900,0.7900,0.7000
9779,40.6900,42.5300,0.4300,0.7900,0.7900,0.7000
9789,40.6900,42.5300,0.4300,0.7900,0.7900,0.7000
9799,40.6900,42.5300,0.4300,0.7900,0.7900,0.7000
9809,40.6900,42.5300,0.4300,0.7900,0.7900,0.7000
9819,40.6900,42.5300,0.4300,0.7900,0.7900,0.7000
9829,40.6900,42.5300,0.4300,0.7900,0.7900,0.7000
9839,40.6900,42.5300,0.4300,0.7900,0.7900,0.7000
9849,40.6900,42.5300,0.4300,0.7900,0.7900,0.7000
9860,40.6900,42.5300,0.4300,0.7900,0.7900,0.7000
9870,40.6900,42.5300,0.4300,0.7900,0.7900,0.7000
9880,40.6900,42.5300,0.4300,0.7900,0.7900,0.7000
9890,40.6900,42.5300,0.4300,0.7900,0.7900,0.7000
9900,40.6900,42.5300,0.4300,0.7900,0.7900,0.7000
9910,40.6900,42.5300,0.4300,0.7900,0.7900,0.7000
9920,40.6900,42.5300,0.4300,0.7900,0.7900,0.7000
9930,40.6900,42.5300,0.4300,0.7900,0.7900,0.7000
9940,40.6900,42.5300,0.4300,0.7900,0.7900,0.7000
9950,40.6900,42.5300,0.4300,0.7900,0.7900,0.7000
9961,40.6900,42.5300,0.4300,0.7900,0.7900,0.7000
9971,40.6900,42.5300,0.4300,0.7900,0.7900,0.7000
9981,40.6900,42.5300,0.4300,0.7900,0.7900,0.7000
9991,40.6900,42.5300,0.4300,0.7900,0.7900,0.7000
