timestamp_ms,q_w,q_x,q_y,q_z
0,0.855028,0.131565,-0.385774,0.320618
10,0.855028,0.131565,-0.385774,0.320618
20,0.855028,0.131565,-0.385774,0.320618
30,0.855028,0.131565,-0.385774,0.320618
40,0.855028,0.131565,-0.385774,0.320618
50,0.855028,0.131565,-0.385774,0.320618
60,0.855028,0.131565,-0.385774,0.320618
70,0.855028,0.131565,-0.385774,0.320618
80,0.855028,0.131565,-0.385774,0.320618
90,0.855028,0.131565,-0.385774,0.320618
100,0.855028,0.131565,-0.385774,0.320618
110,0.855028,0.131565,-0.385774,0.320618
121,0.855028,0.131565,-0.385774,0.320618
131,0.855028,0.131565,-0.385774,0.320618
141,0.855028,0.131565,-0.385774,0.320618
151,0.855028,0.131565,-0.385774,0.320618
161,0.855028,0.131565,-0.385774,0.320618
171,0.855028,0.131565,-0.385774,0.320618
181,0.855028,0.131565,-0.385774,0.320618
191,0.855028,0.131565,-0.385774,0.320618
201,0.855028,0.131565,-0.385774,0.320618
211,0.855028,0.131565,-0.385774,0.320618
221,0.855028,0.131565,-0.385774,0.320618
231,0.855028,0.131565,-0.385774,0.320618
241,0.855028,0.131565,-0.385774,0.320618
252,0.855028,0.131565,-0.385774,0.320618
262,0.855028,0.131565,-0.385774,0.320618
272,0.855028,0.131565,-0.385774,0.320618
282,0.855028,0.131565,-0.385774,0.320618
292,0.855028,0.131565,-0.385774,0.320618
302,0.855028,0.131565,-0.385774,0.320618
312,0.855028,0.131565,-0.385774,0.320618
322,0.855028,0.131565,-0.385774,0.320618
332,0.855028,0.131565,-0.385774,0.320618
342,0.855028,0.131565,-0.385774,0.320618
352,0.855028,0.131565,-0.385774,0.320618
362,0.855028,0.131565,-0.385774,0.320618
373,0.855028,0.131565,-0.385774,0.320618
383,0.855028,0.131565,-0.385774,0.320618
393,0.855028,0.131565,-0.385774,0.320618
403,0.855028,0.131565,-0.385774,0.320618
413,0.855028,0.131565,-0.385774,0.320618
423,0.855028,0.131565,-0.385774,0.320618
433,0.855028,0.131565,-0.385774,0.320618
443,0.855028,0.131565,-0.385774,0.320618
453,0.855028,0.131565,-0.385774,0.320618
463,0.855028,0.131565,-0.385774,0.320618
473,0.855028,0.131565,-0.385774,0.320618
483,0.855028,0.131565,-0.385774,0.320618
494,0.855028,0.131565,-0.385774,0.320618
504,0.855028,0.131565,-0.385774,0.320618
514,0.855028,0.131565,-0.385774,0.320618
524,0.855028,0.131565,-0.385774,0.320618
534,0.855028,0.131565,-0.385774,0.320618
544,0.855028,0.131565,-0.385774,0.320618
554,0.855028,0.131565,-0.385774,0.320618
564,0.855028,0.131565,-0.385774,0.320618
574,0.855028,0.131565,-0.385774,0.320618
584,0.855028,0.131565,-0.385774,0.320618
594,0.855028,0.131565,-0.385774,0.320618
604,0.855028,0.131565,-0.385774,0.320618
614,0.855028,0.131565,-0.385774,0.320618
625,0.855028,0.131565,-0.385774,0.320618
635,0.855028,0.131565,-0.385774,0.320618
645,0.855028,0.131565,-0.385774,0.320618
655,0.855028,0.131565,-0.385774,0.320618
665,0.855028,0.131565,-0.385774,0.320618
675,0.855028,0.131565,-0.385774,0.320618
685,0.855028,0.131565,-0.385774,0.320618
695,0.855028,0.131565,-0.385774,0.320618
705,0.855028,0.131565,-0.385774,0.320618
715,0.855028,0.131565,-0.385774,0.320618
725,0.855028,0.131565,-0.385774,0.320618
735,0.855028,0.131565,-0.385774,0.320618
745,0.855028,0.131565,-0.385774,0.320618
756,0.855028,0.131565,-0.385774,0.320618
766,0.855028,0.131565,-0.385774,0.320618
776,0.855028,0.131565,-0.385774,0.320618
786,0.855028,0.131565,-0.385774,0.320618
796,0.855028,0.131565,-0.385774,0.320618
806,0.855028,0.131565,-0.385774,0.320618
816,0.855028,0.131565,-0.385774,0.320618
826,0.855028,0.131565,-0.385774,0.320618
836,0.855028,0.131565,-0.385774,0.320618
846,0.855028,0.131565,-0.385774,0.320618
856,0.855028,0.131565,-0.385774,0.320618
866,0.855028,0.131565,-0.385774,0.320618
877,0.855028,0.131565,-0.385774,0.320618
887,0.855028,0.131565,-0.385774,0.320618
897,0.855028,0.131565,-0.385774,0.320618
907,0.855028,0.131565,-0.385774,0.320618
917,0.855028,0.131565,-0.385774,0.320618
927,0.855028,0.131565,-0.385774,0.320618
937,0.855028,0.131565,-0.385774,0.320618
947,0.855028,0.131565,-0.385774,0.320618
957,0.855028,0.131565,-0.385774,0.320618
967,0.855028,0.131565,-0.385774,0.320618
977,0.855028,0.131565,-0.385774,0.320618
987,0.855028,0.131565,-0.385774,0.320618
997,0.855028,0.131565,-0.385774,0.320618
1008,0.855028,0.131565,-0.385774,0.320618
1018,0.855028,0.131565,-0.385774,0.320618
1028,0.855028,0.131565,-0.385774,0.320618
1038,0.855028,0.131565,-0.385774,0.320618
1048,0.855028,0.131565,-0.385774,0.320618
1058,0.855028,0.131565,-0.385774,0.320618
1068,0.855028,0.131565,-0.385774,0.320618
1078,0.855028,0.131565,-0.385774,0.320618
1088,0.855028,0.131565,-0.385774,0.320618
1098,0.855028,0.131565,-0.385774,0.320618
1108,0.855028,0.131565,-0.385774,0.320618
1118,0.855028,0.131565,-0.385774,0.320618
1128,0.855028,0.131565,-0.385774,0.320618
1139,0.855028,0.131565,-0.385774,0.320618
1149,0.855028,0.131565,-0.385774,0.320618
1159,0.855028,0.131565,-0.385774,0.320618
1169,0.855028,0.131565,-0.385774,0.320618
1179,0.855028,0.131565,-0.385774,0.320618
1189,0.855028,0.131565,-0.385774,0.320618
1199,0.855028,0.131565,-0.385774,0.320618
1209,0.855028,0.131565,-0.385774,0.320618
1219,0.855028,0.131565,-0.385774,0.320618
1229,0.855028,0.131565,-0.385774,0.320618
1239,0.855028,0.131565,-0.385774,0.320618
1249,0.855028,0.131565,-0.385774,0.320618
1260,0.855028,0.131565,-0.385774,0.320618
1270,0.855028,0.131565,-0.385774,0.320618
1280,0.855028,0.131565,-0.385774,0.320618
1290,0.855028,0.131565,-0.385774,0.320618
1300,0.855028,0.131565,-0.385774,0.320618
1310,0.855028,0.131565,-0.385774,0.320618
1320,0.855028,0.131565,-0.385774,0.320618
1330,0.855028,0.131565,-0.385774,0.320618
1340,0.855028,0.131565,-0.385774,0.320618
1350,0.855028,0.131565,-0.385774,0.320618
1360,0.855028,0.131565,-0.385774,0.320618
1370,0.855028,0.131565,-0.385774,0.320618
1380,0.855028,0.131565,-0.385774,0.320618
1391,0.855028,0.131565,-0.385774,0.320618
1401,0.855028,0.131565,-0.385774,0.320618
1411,0.855028,0.131565,-0.385774,0.320618
1421,0.855028,0.131565,-0.385774,0.320618
1431,0.855028,0.131565,-0.385774,0.320618
1441,0.855028,0.131565,-0.385774,0.320618
1451,0.855028,0.131565,-0.385774,0.320618
1461,0.855028,0.131565,-0.385774,0.320618
1471,0.855028,0.131565,-0.385774,0.320618
1481,0.855028,0.131565,-0.385774,0.320618
1491,0.855028,0.131565,-0.385774,0.320618
1501,0.855028,0.131565,-0.385774,0.320618
1512,0.855028,0.131565,-0.385774,0.320618
1522,0.855028,0.131565,-0.385774,0.320618
1532,0.855028,0.131565,-0.385774,0.320618
1542,0.855028,0.131565,-0.385774,0.320618
1552,0.855028,0.131565,-0.385774,0.320618
1562,0.855028,0.131565,-0.385774,0.320618
1572,0.855028,0.131565,-0.385774,0.320618
1582,0.855028,0.131565,-0.385774,0.320618
1592,0.855028,0.131565,-0.385774,0.320618
1602,0.855028,0.131565,-0.385774,0.320618
1612,0.855028,0.131565,-0.385774,0.320618
1622,0.855028,0.131565,-0.385774,0.320618
1633,0.855028,0.131565,-0.385774,0.320618
1643,0.855028,0.131565,-0.385774,0.320618
1653,0.855028,0.131565,-0.385774,0.320618
1663,0.855028,0.131565,-0.385774,0.320618
1673,0.855028,0.131565,-0.385774,0.320618
1683,0.855028,0.131565,-0.385774,0.320618
1693,0.855028,0.131565,-0.385774,0.320618
1703,0.855028,0.131565,-0.385774,0.320618
1713,0.855028,0.131565,-0.385774,0.320618
1723,0.855028,0.131565,-0.385774,0.320618
1733,0.855028,0.131565,-0.385774,0.320618
1744,0.855028,0.131565,-0.385774,0.320618
1754,0.855028,0.131565,-0.385774,0.320618
1764,0.855028,0.131565,-0.385774,0.320618
1774,0.855028,0.131565,-0.385774,0.320618
1784,0.855028,0.131565,-0.385774,0.320618
1794,0.855028,0.131565,-0.385774,0.320618
1804,0.855028,0.131565,-0.385774,0.320618
1814,0.855028,0.131565,-0.385774,0.320618
1824,0.855028,0.131565,-0.385774,0.320618
1834,0.855028,0.131565,-0.385774,0.320618
1844,0.855028,0.131565,-0.385774,0.320618
1854,0.855028,0.131565,-0.385774,0.320618
1865,0.855028,0.131565,-0.385774,0.320618
1875,0.855028,0.131565,-0.385774,0.320618
1885,0.855028,0.131565,-0.385774,0.320618
1895,0.855028,0.131565,-0.385774,0.320618
1905,0.855028,0.131565,-0.385774,0.320618
1915,0.855028,0.131565,-0.385774,0.320618
1925,0.855028,0.131565,-0.385774,0.320618
1935,0.855028,0.131565,-0.385774,0.320618
1945,0.855028,0.131565,-0.385774,0.320618
1955,0.855028,0.131565,-0.385774,0.320618
1965,0.855028,0.131565,-0.385774,0.320618
1975,0.855028,0.131565,-0.385774,0.320618
1986,0.855028,0.131565,-0.385774,0.320618
1996,0.855028,0.131565,-0.385774,0.320618
2006,0.855028,0.131565,-0.385774,0.320618
2016,0.855028,0.131565,-0.385774,0.320618
2026,0.855028,0.131565,-0.385774,0.320618
2036,0.855028,0.131565,-0.385774,0.320618
2046,0.855028,0.131565,-0.385774,0.320618
2056,0.855028,0.131565,-0.385774,0.320618
2066,0.855028,0.131565,-0.385774,0.320618
2076,0.855028,0.131565,-0.385774,0.320618
2086,0.855028,0.131565,-0.385774,0.320618
2096,0.855028,0.131565,-0.385774,0.320618
2106,0.855028,0.131565,-0.385774,0.320618
2117,0.855028,0.131565,-0.385774,0.320618
2127,0.855028,0.131565,-0.385774,0.320618
2137,0.855028,0.131565,-0.385774,0.320618
2147,0.855028,0.131565,-0.385774,0.320618
2157,0.855028,0.131565,-0.385774,0.320618
2167,0.855028,0.131565,-0.385774,0.320618
2177,0.855028,0.131565,-0.385774,0.320618
2187,0.855028,0.131565,-0.385774,0.320618
2197,0.855028,0.131565,-0.385774,0.320618
2207,0.855028,0.131565,-0.385774,0.320618
2217,0.855028,0.131565,-0.385774,0.320618
2227,0.855028,0.131565,-0.385774,0.320618
2238,0.855028,0.131565,-0.385774,0.320618
2248,0.855028,0.131565,-0.385774,0.320618
2258,0.855028,0.131565,-0.385774,0.320618
2268,0.855028,0.131565,-0.385774,0.320618
2278,0.855028,0.131565,-0.385774,0.320618
2288,0.855028,0.131565,-0.385774,0.320618
2298,0.855028,0.131565,-0.385774,0.320618
2308,0.855028,0.131565,-0.385774,0.320618
2318,0.855028,0.131565,-0.385774,0.320618
2328,0.855028,0.131565,-0.385774,0.320618
2338,0.855028,0.131565,-0.385774,0.320618
2348,0.855028,0.131565,-0.385774,0.320618
2358,0.855028,0.131565,-0.385774,0.320618
2369,0.855028,0.131565,-0.385774,0.320618
2379,0.855028,0.131565,-0.385774,0.320618
2389,0.855028,0.131565,-0.385774,0.320618
2399,0.855028,0.131565,-0.385774,0.320618
2409,0.855028,0.131565,-0.385774,0.320618
2419,0.855028,0.131565,-0.385774,0.320618
2429,0.855028,0.131565,-0.385774,0.320618
2439,0.855028,0.131565,-0.385774,0.320618
2449,0.855028,0.131565,-0.385774,0.320618
2459,0.855028,0.131565,-0.385774,0.320618
2469,0.855028,0.131565,-0.385774,0.320618
2479,0.855028,0.131565,-0.385774,0.320618
2490,0.855028,0.131565,-0.385774,0.320618
2500,0.855028,0.131565,-0.385774,0.320618
2510,0.855028,0.131565,-0.385774,0.320618
2520,0.855028,0.131565,-0.385774,0.320618
2530,0.855028,0.131565,-0.385774,0.320618
2540,0.855028,0.131565,-0.385774,0.320618
2550,0.855028,0.131565,-0.385774,0.320618
2560,0.855028,0.131565,-0.385774,0.320618
2570,0.855028,0.131565,-0.385774,0.320618
2580,0.855028,0.131565,-0.385774,0.320618
2590,0.855028,0.131565,-0.385774,0.320618
2600,0.855028,0.131565,-0.385774,0.320618
2611,0.855028,0.131565,-0.385774,0.320618
2621,0.855028,0.131565,-0.385774,0.320618
2631,0.855028,0.131565,-0.385774,0.320618
2641,0.855028,0.131565,-0.385774,0.320618
2651,0.855028,0.131565,-0.385774,0.320618
2661,0.855028,0.131565,-0.385774,0.320618
2671,0.855028,0.131565,-0.385774,0.320618
2681,0.855028,0.131565,-0.385774,0.320618
2691,0.855028,0.131565,-0.385774,0.320618
2701,0.855028,0.131565,-0.385774,0.320618
2711,0.855028,0.131565,-0.385774,0.320618
2721,0.855028,0.131565,-0.385774,0.320618
2731,0.855028,0.131565,-0.385774,0.320618
2742,0.855028,0.131565,-0.385774,0.320618
2752,0.855028,0.131565,-0.385774,0.320618
2762,0.855028,0.131565,-0.385774,0.320618
2772,0.855028,0.131565,-0.385774,0.320618
2782,0.855028,0.131565,-0.385774,0.320618
2792,0.855028,0.131565,-0.385774,0.320618
2802,0.855028,0.131565,-0.385774,0.320618
2812,0.855028,0.131565,-0.385774,0.320618
2822,0.855028,0.131565,-0.385774,0.320618
2832,0.855028,0.131565,-0.385774,0.320618
2842,0.855028,0.131565,-0.385774,0.320618
2852,0.855028,0.131565,-0.385774,0.320618
2863,0.855028,0.131565,-0.385774,0.320618
2873,0.855028,0.131565,-0.385774,0.320618
2883,0.855028,0.131565,-0.385774,0.320618
2893,0.855028,0.131565,-0.385774,0.320618
2903,0.855028,0.131565,-0.385774,0.320618
2913,0.855028,0.131565,-0.385774,0.320618
2923,0.855028,0.131565,-0.385774,0.320618
2933,0.855028,0.131565,-0.385774,0.320618
2943,0.855028,0.131565,-0.385774,0.320618
2953,0.855028,0.131565,-0.385774,0.320618
2963,0.855028,0.131565,-0.385774,0.320618
2973,0.855028,0.131565,-0.385774,0.320618
2983,0.855028,0.131565,-0.385774,0.320618
2994,0.855028,0.131565,-0.385774,0.320618
3004,0.855028,0.131565,-0.385774,0.320618
3014,0.855028,0.131565,-0.385774,0.320618
3024,0.855028,0.131565,-0.385774,0.320618
3034,0.855028,0.131565,-0.385774,0.320618
3044,0.855028,0.131565,-0.385774,0.320618
3054,0.855028,0.131565,-0.385774,0.320618
3064,0.855028,0.131565,-0.385774,0.320618
3074,0.855028,0.131565,-0.385774,0.320618
3084,0.855028,0.131565,-0.385774,0.320618
3094,0.855028,0.131565,-0.385774,0.320618
3104,0.855028,0.131565,-0.385774,0.320618
3114,0.855028,0.131565,-0.385774,0.320618
3125,0.855028,0.131565,-0.385774,0.320618
3135,0.855028,0.131565,-0.385774,0.320618
3145,0.855028,0.131565,-0.385774,0.320618
3155,0.855028,0.131565,-0.385774,0.320618
3165,0.855028,0.131565,-0.385774,0.320618
3175,0.855028,0.131565,-0.385774,0.320618
3185,0.855028,0.131565,-0.385774,0.320618
3195,0.855028,0.131565,-0.385774,0.320618
3205,0.855028,0.131565,-0.385774,0.320618
3215,0.855028,0.131565,-0.385774,0.320618
3225,0.855028,0.131565,-0.385774,0.320618
3235,0.855028,0.131565,-0.385774,0.320618
3246,0.855028,0.131565,-0.385774,0.320618
3256,0.855028,0.131565,-0.385774,0.320618
3266,0.855028,0.131565,-0.385774,0.320618
3276,0.855028,0.131565,-0.385774,0.320618
3286,0.855028,0.131565,-0.385774,0.320618
3296,0.855028,0.131565,-0.385774,0.320618
3306,0.855028,0.131565,-0.385774,0.320618
3316,0.855028,0.131565,-0.385774,0.320618
3326,0.855028,0.131565,-0.385774,0.320618
3336,0.855028,0.131565,-0.385774,0.320618
3346,0.855028,0.131565,-0.385774,0.320618
3356,0.855028,0.131565,-0.385774,0.320618
3366,0.855028,0.131565,-0.385774,0.320618
3377,0.855028,0.131565,-0.385774,0.320618
3387,0.855028,0.131565,-0.385774,0.320618
3397,0.855028,0.131565,-0.385774,0.320618
3407,0.855028,0.131565,-0.385774,0.320618
3417,0.855028,0.131565,-0.385774,0.320618
3427,0.855028,0.131565,-0.385774,0.320618
3437,0.855028,0.131565,-0.385774,0.320618
3447,0.855028,0.131565,-0.385774,0.320618
3457,0.855028,0.131565,-0.385774,0.320618
3467,0.855028,0.131565,-0.385774,0.320618
3477,0.855028,0.131565,-0.385774,0.320618
3488,0.855028,0.131565,-0.385774,0.320618
3498,0.855028,0.131565,-0.385774,0.320618
3508,0.855028,0.131565,-0.385774,0.320618
3518,0.855028,0.131565,-0.385774,0.320618
3528,0.855028,0.131565,-0.385774,0.320618
3538,0.855028,0.131565,-0.385774,0.320618
3548,0.855028,0.131565,-0.385774,0.320618
3558,0.855028,0.131565,-0.385774,0.320618
3568,0.855028,0.131565,-0.385774,0.320618
3578,0.855028,0.131565,-0.385774,0.320618
3588,0.855028,0.131565,-0.385774,0.320618
3598,0.855028,0.131565,-0.385774,0.320618
3608,0.855028,0.131565,-0.385774,0.320618
3619,0.855028,0.131565,-0.385774,0.320618
3629,0.855028,0.131565,-0.385774,0.320618
3639,0.855028,0.131565,-0.385774,0.320618
3649,0.855028,0.131565,-0.385774,0.320618
3659,0.855028,0.131565,-0.385774,0.320618
3669,0.855028,0.131565,-0.385774,0.320618
3679,0.855028,0.131565,-0.385774,0.320618
3689,0.855028,0.131565,-0.385774,0.320618
3699,0.855028,0.131565,-0.385774,0.320618
3709,0.855028,0.131565,-0.385774,0.320618
3719,0.855028,0.131565,-0.385774,0.320618
3729,0.855028,0.131565,-0.385774,0.320618
3740,0.855028,0.131565,-0.385774,0.320618
3750,0.855028,0.131565,-0.385774,0.320618
3760,0.855028,0.131565,-0.385774,0.320618
3770,0.855028,0.131565,-0.385774,0.320618
3780,0.855028,0.131565,-0.385774,0.320618
3790,0.855028,0.131565,-0.385774,0.320618
3800,0.855028,0.131565,-0.385774,0.320618
3810,0.855028,0.131565,-0.385774,0.320618
3820,0.855028,0.131565,-0.385774,0.320618
3830,0.855028,0.131565,-0.385774,0.320618
3840,0.855028,0.131565,-0.385774,0.320618
3850,0.855028,0.131565,-0.385774,0.320618
3860,0.855028,0.131565,-0.385774,0.320618
3871,0.855028,0.131565,-0.385774,0.320618
3881,0.855028,0.131565,-0.385774,0.320618
3891,0.855028,0.131565,-0.385774,0.320618
3901,0.855028,0.131565,-0.385774,0.320618
3911,0.855028,0.131565,-0.385774,0.320618
3921,0.855028,0.131565,-0.385774,0.320618
3931,0.855028,0.131565,-0.385774,0.320618
3941,0.855028,0.131565,-0.385774,0.320618
3951,0.855028,0.131565,-0.385774,0.320618
3961,0.855028,0.131565,-0.385774,0.320618
3971,0.855028,0.131565,-0.385774,0.320618
3982,0.855028,0.131565,-0.385774,0.320618
3992,0.855028,0.131565,-0.385774,0.320618
4002,0.855028,0.131565,-0.385774,0.320618
4012,0.855028,0.131565,-0.385774,0.320618
4022,0.855028,0.131565,-0.385774,0.320618
4032,0.855028,0.131565,-0.385774,0.320618
4042,0.855028,0.131565,-0.385774,0.320618
4052,0.855028,0.131565,-0.385774,0.320618
4062,0.855028,0.131565,-0.385774,0.320618
4072,0.855028,0.131565,-0.385774,0.320618
4082,0.855028,0.131565,-0.385774,0.320618
4092,0.855028,0.131565,-0.385774,0.320618
4102,0.855028,0.131565,-0.385774,0.320618
4113,0.855028,0.131565,-0.385774,0.320618
4123,0.855028,0.131565,-0.385774,0.320618
4133,0.855028,0.131565,-0.385774,0.320618
4143,0.855028,0.131565,-0.385774,0.320618
4153,0.855028,0.131565,-0.385774,0.320618
4163,0.855028,0.131565,-0.385774,0.320618
4173,0.855028,0.131565,-0.385774,0.320618
4183,0.855028,0.131565,-0.385774,0.320618
4193,0.855028,0.131565,-0.385774,0.320618
4203,0.855028,0.131565,-0.385774,0.320618
4213,0.855028,0.131565,-0.385774,0.320618
4223,0.855028,0.131565,-0.385774,0.320618
4233,0.855028,0.131565,-0.385774,0.320618
4244,0.855028,0.131565,-0.385774,0.320618
4254,0.855028,0.131565,-0.385774,0.320618
4264,0.855028,0.131565,-0.385774,0.320618
4274,0.855028,0.131565,-0.385774,0.320618
4284,0.855028,0.131565,-0.385774,0.320618
4294,0.855028,0.131565,-0.385774,0.320618
4304,0.855028,0.131565,-0.385774,0.320618
4314,0.855028,0.131565,-0.385774,0.320618
4324,0.855028,0.131565,-0.385774,0.320618
4334,0.855028,0.131565,-0.385774,0.320618
4344,0.855028,0.131565,-0.385774,0.320618
4354,0.855028,0.131565,-0.385774,0.320618
4365,0.855028,0.131565,-0.385774,0.320618
4375,0.855028,0.131565,-0.385774,0.320618
4385,0.855028,0.131565,-0.385774,0.320618
4395,0.855028,0.131565,-0.385774,0.320618
4405,0.855028,0.131565,-0.385774,0.320618
4415,0.855028,0.131565,-0.385774,0.320618
4425,0.855028,0.131565,-0.385774,0.320618
4435,0.855028,0.131565,-0.385774,0.320618
4445,0.855028,0.131565,-0.385774,0.320618
4455,0.855028,0.131565,-0.385774,0.320618
4465,0.855028,0.131565,-0.385774,0.320618
4475,0.855028,0.131565,-0.385774,0.320618
4485,0.855028,0.131565,-0.385774,0.320618
4496,0.855028,0.131565,-0.385774,0.320618
4506,0.855028,0.131565,-0.385774,0.320618
4516,0.855028,0.131565,-0.385774,0.320618
4526,0.855028,0.131565,-0.385774,0.320618
4536,0.855028,0.131565,-0.385774,0.320618
4546,0.855028,0.131565,-0.385774,0.320618
4556,0.855028,0.131565,-0.385774,0.320618
4566,0.855028,0.131565,-0.385774,0.320618
4576,0.855028,0.131565,-0.385774,0.320618
4586,0.855028,0.131565,-0.385774,0.320618
4596,0.855028,0.131565,-0.385774,0.320618
4607,0.855028,0.131565,-0.385774,0.320618
4617,0.855028,0.131565,-0.385774,0.320618
4627,0.855028,0.131565,-0.385774,0.320618
4637,0.855028,0.131565,-0.385774,0.320618
4647,0.855028,0.131565,-0.385774,0.320618
4657,0.855028,0.131565,-0.385774,0.320618
4667,0.855028,0.131565,-0.385774,0.320618
4677,0.855028,0.131565,-0.385774,0.320618
4687,0.855028,0.131565,-0.385774,0.320618
4697,0.855028,0.131565,-0.385774,0.320618
4707,0.855028,0.131565,-0.385774,0.320618
4717,0.855028,0.131565,-0.385774,0.320618
4727,0.855028,0.131565,-0.385774,0.320618
4738,0.855028,0.131565,-0.385774,0.320618
4748,0.855028,0.131565,-0.385774,0.320618
4758,0.855028,0.131565,-0.385774,0.320618
4768,0.855028,0.131565,-0.385774,0.320618
4778,0.855028,0.131565,-0.385774,0.320618
4788,0.855028,0.131565,-0.385774,0.320618
4798,0.855028,0.131565,-0.385774,0.320618
4808,0.855028,0.131565,-0.385774,0.320618
4818,0.855028,0.131565,-0.385774,0.320618
4828,0.855028,0.131565,-0.385774,0.320618
4838,0.855028,0.131565,-0.385774,0.320618
4848,0.855028,0.131565,-0.385774,0.320618
4859,0.855028,0.131565,-0.385774,0.320618
4869,0.855028,0.131565,-0.385774,0.320618
4879,0.855028,0.131565,-0.385774,0.320618
4889,0.855028,0.131565,-0.385774,0.320618
4899,0.855028,0.131565,-0.385774,0.320618
4909,0.855028,0.131565,-0.385774,0.320618
4919,0.855028,0.131565,-0.385774,0.320618
4929,0.855028,0.131565,-0.385774,0.320618
4939,0.855028,0.131565,-0.385774,0.320618
4949,0.855028,0.131565,-0.385774,0.320618
4959,0.855028,0.131565,-0.385774,0.320618
4969,0.855028,0.131565,-0.385774,0.320618
4979,0.855028,0.131565,-0.385774,0.320618
4990,0.855028,0.131565,-0.385774,0.320618
5000,0.855028,0.131565,-0.385774,0.320618
5010,0.855028,0.131565,-0.385774,0.320618
5020,0.855028,0.131565,-0.385774,0.320618
5030,0.855028,0.131565,-0.385774,0.320618
5040,0.855028,0.131565,-0.385774,0.320618
5050,0.855028,0.131565,-0.385774,0.320618
5060,0.855028,0.131565,-0.385774,0.320618
5070,0.855028,0.131565,-0.385774,0.320618
5080,0.855028,0.131565,-0.385774,0.320618
5090,0.855028,0.131565,-0.385774,0.320618
5101,0.855028,0.131565,-0.385774,0.320618
5111,0.855028,0.131565,-0.385774,0.320618
5121,0.855028,0.131565,-0.385774,0.320618
5131,0.855028,0.131565,-0.385774,0.320618
5141,0.855028,0.131565,-0.385774,0.320618
5151,0.855028,0.131565,-0.385774,0.320618
5161,0.855028,0.131565,-0.385774,0.320618
5171,0.855028,0.131565,-0.385774,0.320618
5181,0.855028,0.131565,-0.385774,0.320618
5191,0.855028,0.131565,-0.385774,0.320618
5201,0.855028,0.131565,-0.385774,0.320618
5211,0.855028,0.131565,-0.385774,0.320618
5222,0.855028,0.131565,-0.385774,0.320618
5232,0.855028,0.131565,-0.385774,0.320618
5242,0.855028,0.131565,-0.385774,0.320618
5252,0.855028,0.131565,-0.385774,0.320618
5262,0.855028,0.131565,-0.385774,0.320618
5272,0.855028,0.131565,-0.385774,0.320618
5282,0.855028,0.131565,-0.385774,0.320618
5292,0.855028,0.131565,-0.385774,0.320618
5302,0.855028,0.131565,-0.385774,0.320618
5312,0.855028,0.131565,-0.385774,0.320618
5322,0.855028,0.131565,-0.385774,0.320618
5332,0.855028,0.131565,-0.385774,0.320618
5343,0.855028,0.131565,-0.385774,0.320618
5353,0.855028,0.131565,-0.385774,0.320618
5363,0.855028,0.131565,-0.385774,0.320618
5373,0.855028,0.131565,-0.385774,0.320618
5383,0.855028,0.131565,-0.385774,0.320618
5393,0.855028,0.131565,-0.385774,0.320618
5403,0.855028,0.131565,-0.385774,0.320618
5413,0.855028,0.131565,-0.385774,0.320618
5423,0.855028,0.131565,-0.385774,0.320618
5433,0.855028,0.131565,-0.385774,0.320618
5443,0.855028,0.131565,-0.385774,0.320618
5454,0.855028,0.131565,-0.385774,0.320618
5464,0.855028,0.131565,-0.385774,0.320618
5474,0.855028,0.131565,-0.385774,0.320618
5484,0.855028,0.131565,-0.385774,0.320618
5494,0.855028,0.131565,-0.385774,0.320618
5504,0.855028,0.131565,-0.385774,0.320618
5514,0.855028,0.131565,-0.385774,0.320618
5524,0.855028,0.131565,-0.385774,0.320618
5534,0.855028,0.131565,-0.385774,0.320618
5544,0.855028,0.131565,-0.385774,0.320618
5554,0.855028,0.131565,-0.385774,0.320618
5564,0.855028,0.131565,-0.385774,0.320618
5575,0.855028,0.131565,-0.385774,0.320618
5585,0.855028,0.131565,-0.385774,0.320618
5595,0.855028,0.131565,-0.385774,0.320618
5605,0.855028,0.131565,-0.385774,0.320618
5615,0.855028,0.131565,-0.385774,0.320618
5625,0.855028,0.131565,-0.385774,0.320618
5635,0.855028,0.131565,-0.385774,0.320618
5645,0.855028,0.131565,-0.385774,0.320618
5655,0.855028,0.131565,-0.385774,0.320618
5665,0.855028,0.131565,-0.385774,0.320618
5675,0.855028,0.131565,-0.385774,0.320618
5685,0.855028,0.131565,-0.385774,0.320618
5695,0.855028,0.131565,-0.385774,0.320618
5706,0.855028,0.131565,-0.385774,0.320618
5716,0.855028,0.131565,-0.385774,0.320618
5726,0.855028,0.131565,-0.385774,0.320618
5736,0.855028,0.131565,-0.385774,0.320618
5746,0.855028,0.131565,-0.385774,0.320618
5756,0.855028,0.131565,-0.385774,0.320618
5766,0.855028,0.131565,-0.385774,0.320618
5776,0.855028,0.131565,-0.385774,0.320618
5786,0.855028,0.131565,-0.385774,0.320618
5796,0.855028,0.131565,-0.385774,0.320618
5806,0.855028,0.131565,-0.385774,0.320618
5816,0.855028,0.131565,-0.385774,0.320618
5826,0.855028,0.131565,-0.385774,0.320618
5837,0.855028,0.131565,-0.385774,0.320618
5847,0.855028,0.131565,-0.385774,0.320618
5857,0.855028,0.131565,-0.385774,0.320618
5867,0.855028,0.131565,-0.385774,0.320618
5877,0.855028,0.131565,-0.385774,0.320618
5887,0.855028,0.131565,-0.385774,0.320618
5897,0.855028,0.131565,-0.385774,0.320618
5907,0.855028,0.131565,-0.385774,0.320618
5917,0.855028,0.131565,-0.385774,0.320618
5927,0.855028,0.131565,-0.385774,0.320618
5937,0.855028,0.131565,-0.385774,0.320618
5948,0.855028,0.131565,-0.385774,0.320618
5958,0.855028,0.131565,-0.385774,0.320618
5968,0.855028,0.131565,-0.385774,0.320618
5978,0.855028,0.131565,-0.385774,0.320618
5988,0.855028,0.131565,-0.385774,0.320618
5998,0.855028,0.131565,-0.385774,0.320618
6008,0.855028,0.131565,-0.385774,0.320618
6018,0.855028,0.131565,-0.385774,0.320618
6028,0.855028,0.131565,-0.385774,0.320618
6038,0.855028,0.131565,-0.385774,0.320618
6048,0.855028,0.131565,-0.385774,0.320618
6058,0.855028,0.131565,-0.385774,0.320618
6068,0.855028,0.131565,-0.385774,0.320618
6079,0.855028,0.131565,-0.385774,0.320618
6089,0.855028,0.131565,-0.385774,0.320618
6099,0.855028,0.131565,-0.385774,0.320618
6109,0.855028,0.131565,-0.385774,0.320618
6119,0.855028,0.131565,-0.385774,0.320618
6129,0.855028,0.131565,-0.385774,0.320618
6139,0.855028,0.131565,-0.385774,0.320618
6149,0.855028,0.131565,-0.385774,0.320618
6159,0.855028,0.131565,-0.385774,0.320618
6169,0.855028,0.131565,-0.385774,0.320618
6179,0.855028,0.131565,-0.385774,0.320618
6189,0.855028,0.131565,-0.385774,0.320618
6199,0.855028,0.131565,-0.385774,0.320618
6210,0.855028,0.131565,-0.385774,0.320618
6220,0.855028,0.131565,-0.385774,0.320618
6230,0.855028,0.131565,-0.385774,0.320618
6240,0.855028,0.131565,-0.385774,0.320618
6250,0.855028,0.131565,-0.385774,0.320618
6260,0.855028,0.131565,-0.385774,0.320618
6270,0.855028,0.131565,-0.385774,0.320618
6280,0.855028,0.131565,-0.385774,0.320618
6290,0.855028,0.131565,-0.385774,0.320618
6300,0.855028,0.131565,-0.385774,0.320618
6310,0.855028,0.131565,-0.385774,0.320618
6320,0.855028,0.131565,-0.385774,0.320618
6331,0.855028,0.131565,-0.385774,0.320618
6341,0.855028,0.131565,-0.385774,0.320618
6351,0.855028,0.131565,-0.385774,0.320618
6361,0.855028,0.131565,-0.385774,0.320618
6371,0.855028,0.131565,-0.385774,0.320618
6381,0.855028,0.131565,-0.385774,0.320618
6391,0.855028,0.131565,-0.385774,0.320618
6401,0.855028,0.131565,-0.385774,0.320618
6411,0.855028,0.131565,-0.385774,0.320618
6421,0.855028,0.131565,-0.385774,0.320618
6431,0.855028,0.131565,-0.385774,0.320618
6441,0.855028,0.131565,-0.385774,0.320618
6452,0.855028,0.131565,-0.385774,0.320618
6462,0.855028,0.131565,-0.385774,0.320618
6472,0.855028,0.131565,-0.385774,0.320618
6482,0.855028,0.131565,-0.385774,0.320618
6492,0.855028,0.131565,-0.385774,0.320618
6502,0.855028,0.131565,-0.385774,0.320618
6512,0.855028,0.131565,-0.385774,0.320618
6522,0.855028,0.131565,-0.385774,0.320618
6532,0.855028,0.131565,-0.385774,0.320618
6542,0.855028,0.131565,-0.385774,0.320618
6552,0.855028,0.131565,-0.385774,0.320618
6562,0.855028,0.131565,-0.385774,0.320618
6572,0.855028,0.131565,-0.385774,0.320618
6583,0.855028,0.131565,-0.385774,0.320618
6593,0.855028,0.131565,-0.385774,0.320618
6603,0.855028,0.131565,-0.385774,0.320618
6613,0.855028,0.131565,-0.385774,0.320618
6623,0.855028,0.131565,-0.385774,0.320618
6633,0.855028,0.131565,-0.385774,0.320618
6643,0.855028,0.131565,-0.385774,0.320618
6653,0.855028,0.131565,-0.385774,0.320618
6663,0.855028,0.131565,-0.385774,0.320618
6673,0.855028,0.131565,-0.385774,0.320618
6683,0.855028,0.131565,-0.385774,0.320618
6694,0.855028,0.131565,-0.385774,0.320618
6704,0.855028,0.131565,-0.385774,0.320618
6714,0.855028,0.131565,-0.385774,0.320618
6724,0.855028,0.131565,-0.385774,0.320618
6734,0.855028,0.131565,-0.385774,0.320618
6744,0.855028,0.131565,-0.385774,0.320618
6754,0.855028,0.131565,-0.385774,0.320618
6764,0.855028,0.131565,-0.385774,0.320618
6774,0.855028,0.131565,-0.385774,0.320618
6784,0.855028,0.131565,-0.385774,0.320618
6795,0.855028,0.131565,-0.385774,0.320618
6805,0.855028,0.131565,-0.385774,0.320618
6815,0.855028,0.131565,-0.385774,0.320618
6825,0.855028,0.131565,-0.385774,0.320618
6835,0.855028,0.131565,-0.385774,0.320618
6845,0.855028,0.131565,-0.385774,0.320618
6855,0.855028,0.131565,-0.385774,0.320618
6865,0.855028,0.131565,-0.385774,0.320618
6875,0.855028,0.131565,-0.385774,0.320618
6885,0.855028,0.131565,-0.385774,0.320618
6895,0.855028,0.131565,-0.385774,0.320618
6905,0.855028,0.131565,-0.385774,0.320618
6916,0.855028,0.131565,-0.385774,0.320618
6926,0.855028,0.131565,-0.385774,0.320618
6936,0.855028,0.131565,-0.385774,0.320618
6946,0.855028,0.131565,-0.385774,0.320618
6956,0.855028,0.131565,-0.385774,0.320618
6966,0.855028,0.131565,-0.385774,0.320618
6976,0.855028,0.131565,-0.385774,0.320618
6986,0.855028,0.131565,-0.385774,0.320618
6996,0.855028,0.131565,-0.385774,0.320618
7006,0.855028,0.131565,-0.385774,0.320618
7016,0.855028,0.131565,-0.385774,0.320618
7026,0.855028,0.131565,-0.385774,0.320618
7037,0.855028,0.131565,-0.385774,0.320618
7047,0.855028,0.131565,-0.385774,0.320618
7057,0.855028,0.131565,-0.385774,0.320618
7067,0.855028,0.131565,-0.385774,0.320618
7077,0.855028,0.131565,-0.385774,0.320618
7087,0.855028,0.131565,-0.385774,0.320618
7097,0.855028,0.131565,-0.385774,0.320618
7107,0.855028,0.131565,-0.385774,0.320618
7117,0.855028,0.131565,-0.385774,0.320618
7127,0.855028,0.131565,-0.385774,0.320618
7137,0.855028,0.131565,-0.385774,0.320618
7147,0.855028,0.131565,-0.385774,0.320618
7157,0.855028,0.131565,-0.385774,0.320618
7168,0.855028,0.131565,-0.385774,0.320618
7178,0.855028,0.131565,-0.385774,0.320618
7188,0.855028,0.131565,-0.385774,0.320618
7198,0.855028,0.131565,-0.385774,0.320618
7208,0.855028,0.131565,-0.385774,0.320618
7218,0.855028,0.131565,-0.385774,0.320618
7228,0.855028,0.131565,-0.385774,0.320618
7238,0.855028,0.131565,-0.385774,0.320618
7248,0.855028,0.131565,-0.385774,0.320618
7258,0.855028,0.131565,-0.385774,0.320618
7268,0.855028,0.131565,-0.385774,0.320618
7278,0.855028,0.131565,-0.385774,0.320618
7289,0.855028,0.131565,-0.385774,0.320618
7299,0.855028,0.131565,-0.385774,0.320618
7309,0.855028,0.131565,-0.385774,0.320618
7319,0.855028,0.131565,-0.385774,0.320618
7329,0.855028,0.131565,-0.385774,0.320618
7339,0.855028,0.131565,-0.385774,0.320618
7349,0.855028,0.131565,-0.385774,0.320618
7359,0.855028,0.131565,-0.385774,0.320618
7369,0.855028,0.131565,-0.385774,0.320618
7379,0.855028,0.131565,-0.385774,0.320618
7389,0.855028,0.131565,-0.385774,0.320618
7399,0.855028,0.131565,-0.385774,0.320618
7410,0.855028,0.131565,-0.385774,0.320618
7420,0.855028,0.131565,-0.385774,0.320618
7430,0.855028,0.131565,-0.385774,0.320618
7440,0.855028,0.131565,-0.385774,0.320618
7450,0.855028,0.131565,-0.385774,0.320618
7460,0.855028,0.131565,-0.385774,0.320618
7470,0.855028,0.131565,-0.385774,0.320618
7480,0.855028,0.131565,-0.385774,0.320618
7490,0.855028,0.131565,-0.385774,0.320618
7500,0.855028,0.131565,-0.385774,0.320618
7510,0.855028,0.131565,-0.385774,0.320618
7520,0.855028,0.131565,-0.385774,0.320618
7530,0.855028,0.131565,-0.385774,0.320618
7541,0.855028,0.131565,-0.385774,0.320618
7551,0.855028,0.131565,-0.385774,0.320618
7561,0.855028,0.131565,-0.385774,0.320618
7571,0.855028,0.131565,-0.385774,0.320618
7581,0.855028,0.131565,-0.385774,0.320618
7591,0.855028,0.131565,-0.385774,0.320618
7601,0.855028,0.131565,-0.385774,0.320618
7611,0.855028,0.131565,-0.385774,0.320618
7621,0.855028,0.131565,-0.385774,0.320618
7631,0.855028,0.131565,-0.385774,0.320618
7641,0.855028,0.131565,-0.385774,0.320618
7652,0.855028,0.131565,-0.385774,0.320618
7662,0.855028,0.131565,-0.385774,0.320618
7672,0.855028,0.131565,-0.385774,0.320618
7682,0.855028,0.131565,-0.385774,0.320618
7692,0.855028,0.131565,-0.385774,0.320618
7702,0.855028,0.131565,-0.385774,0.320618
7712,0.855028,0.131565,-0.385774,0.320618
7722,0.855028,0.131565,-0.385774,0.320618
7732,0.855028,0.131565,-0.385774,0.320618
7742,0.855028,0.131565,-0.385774,0.320618
7752,0.855028,0.131565,-0.385774,0.320618
7762,0.855028,0.131565,-0.385774,0.320618
7773,0.855028,0.131565,-0.385774,0.320618
7783,0.855028,0.131565,-0.385774,0.320618
7793,0.855028,0.131565,-0.385774,0.320618
7803,0.855028,0.131565,-0.385774,0.320618
7813,0.855028,0.131565,-0.385774,0.320618
7823,0.855028,0.131565,-0.385774,0.320618
7833,0.855028,0.131565,-0.385774,0.320618
7843,0.855028,0.131565,-0.385774,0.320618
7853,0.855028,0.131565,-0.385774,0.320618
7863,0.855028,0.131565,-0.385774,0.320618
7873,0.855028,0.131565,-0.385774,0.320618
7883,0.855028,0.131565,-0.385774,0.320618
7894,0.855028,0.131565,-0.385774,0.320618
7904,0.855028,0.131565,-0.385774,0.320618
7914,0.855028,0.131565,-0.385774,0.320618
7924,0.855028,0.131565,-0.385774,0.320618
7934,0.855028,0.131565,-0.385774,0.320618
7944,0.855028,0.131565,-0.385774,0.320618
7954,0.855028,0.131565,-0.385774,0.320618
7964,0.855028,0.131565,-0.385774,0.320618
7974,0.855028,0.131565,-0.385774,0.320618
7984,0.855028,0.131565,-0.385774,0.320618
7994,0.855028,0.131565,-0.385774,0.320618
8005,0.855028,0.131565,-0.385774,0.320618
8015,0.855028,0.131565,-0.385774,0.320618
8025,0.855028,0.131565,-0.385774,0.320618
8035,0.855028,0.131565,-0.385774,0.320618
8045,0.855028,0.131565,-0.385774,0.320618
8055,0.855028,0.131565,-0.385774,0.320618
8065,0.855028,0.131565,-0.385774,0.320618
8075,0.855028,0.131565,-0.385774,0.320618
8085,0.855028,0.131565,-0.385774,0.320618
8095,0.855028,0.131565,-0.385774,0.320618
8105,0.855028,0.131565,-0.385774,0.320618
8115,0.855028,0.131565,-0.385774,0.320618
8125,0.855028,0.131565,-0.385774,0.320618
8136,0.855028,0.131565,-0.385774,0.320618
8146,0.855028,0.131565,-0.385774,0.320618
8156,0.855028,0.131565,-0.385774,0.320618
8166,0.855028,0.131565,-0.385774,0.320618
8176,0.855028,0.131565,-0.385774,0.320618
8186,0.855028,0.131565,-0.385774,0.320618
8196,0.855028,0.131565,-0.385774,0.320618
8206,0.855028,0.131565,-0.385774,0.320618
8216,0.855028,0.131565,-0.385774,0.320618
8226,0.855028,0.131565,-0.385774,0.320618
8236,0.855028,0.131565,-0.385774,0.320618
8247,0.855028,0.131565,-0.385774,0.320618
8257,0.855028,0.131565,-0.385774,0.320618
8267,0.855028,0.131565,-0.385774,0.320618
8277,0.855028,0.131565,-0.385774,0.320618
8287,0.855028,0.131565,-0.385774,0.320618
8297,0.855028,0.131565,-0.385774,0.320618
8307,0.855028,0.131565,-0.385774,0.320618
8317,0.855028,0.131565,-0.385774,0.320618
8327,0.855028,0.131565,-0.385774,0.320618
8337,0.855028,0.131565,-0.385774,0.320618
8347,0.855028,0.131565,-0.385774,0.320618
8357,0.855028,0.131565,-0.385774,0.320618
8367,0.855028,0.131565,-0.385774,0.320618
8378,0.855028,0.131565,-0.385774,0.320618
8388,0.855028,0.131565,-0.385774,0.320618
8398,0.855028,0.131565,-0.385774,0.320618
8408,0.855028,0.131565,-0.385774,0.320618
8418,0.855028,0.131565,-0.385774,0.320618
8428,0.855028,0.131565,-0.385774,0.320618
8438,0.855028,0.131565,-0.385774,0.320618
8448,0.855028,0.131565,-0.385774,0.320618
8458,0.855028,0.131565,-0.385774,0.320618
8468,0.855028,0.131565,-0.385774,0.320618
8478,0.855028,0.131565,-0.385774,0.320618
8489,0.855028,0.131565,-0.385774,0.320618
8499,0.855028,0.131565,-0.385774,0.320618
8509,0.855028,0.131565,-0.385774,0.320618
8519,0.855028,0.131565,-0.385774,0.320618
8529,0.855028,0.131565,-0.385774,0.320618
8539,0.855028,0.131565,-0.385774,0.320618
8549,0.855028,0.131565,-0.385774,0.320618
8559,0.855028,0.131565,-0.385774,0.320618
8569,0.855028,0.131565,-0.385774,0.320618
8579,0.855028,0.131565,-0.385774,0.320618
8589,0.855028,0.131565,-0.385774,0.320618
8599,0.855028,0.131565,-0.385774,0.320618
8610,0.855028,0.131565,-0.385774,0.320618
8620,0.855028,0.131565,-0.385774,0.320618
8630,0.855028,0.131565,-0.385774,0.320618
8640,0.855028,0.131565,-0.385774,0.320618
8650,0.855028,0.131565,-0.385774,0.320618
8660,0.855028,0.131565,-0.385774,0.320618
8670,0.855028,0.131565,-0.385774,0.320618
8680,0.855028,0.131565,-0.385774,0.320618
8690,0.855028,0.131565,-0.385774,0.320618
8700,0.855028,0.131565,-0.385774,0.320618
8710,0.855028,0.131565,-0.385774,0.320618
8720,0.855028,0.131565,-0.385774,0.320618
8731,0.855028,0.131565,-0.385774,0.320618
8741,0.855028,0.131565,-0.385774,0.320618
8751,0.855028,0.131565,-0.385774,0.320618
8761,0.855028,0.131565,-0.385774,0.320618
8771,0.855028,0.131565,-0.385774,0.320618
8781,0.855028,0.131565,-0.385774,0.320618
8791,0.855028,0.131565,-0.385774,0.320618
8801,0.855028,0.131565,-0.385774,0.320618
8811,0.855028,0.131565,-0.385774,0.320618
8821,0.855028,0.131565,-0.385774,0.320618
8831,0.855028,0.131565,-0.385774,0.320618
8841,0.855028,0.131565,-0.385774,0.320618
8851,0.855028,0.131565,-0.385774,0.320618
8862,0.855028,0.131565,-0.385774,0.320618
8872,0.855028,0.131565,-0.385774,0.320618
8882,0.855028,0.131565,-0.385774,0.320618
8892,0.855028,0.131565,-0.385774,0.320618
8902,0.855028,0.131565,-0.385774,0.320618
8912,0.855028,0.131565,-0.385774,0.320618
8922,0.855028,0.131565,-0.385774,0.320618
8932,0.855028,0.131565,-0.385774,0.320618
8942,0.855028,0.131565,-0.385774,0.320618
8952,0.855028,0.131565,-0.385774,0.320618
8962,0.855028,0.131565,-0.385774,0.320618
8972,0.855028,0.131565,-0.385774,0.320618
8983,0.855028,0.131565,-0.385774,0.320618
8993,0.855028,0.131565,-0.385774,0.320618
9003,0.855028,0.131565,-0.385774,0.320618
9013,0.855028,0.131565,-0.385774,0.320618
9023,0.855028,0.131565,-0.385774,0.320618
9033,0.855028,0.131565,-0.385774,0.320618
9043,0.855028,0.131565,-0.385774,0.320618
9053,0.855028,0.131565,-0.385774,0.320618
9063,0.855028,0.131565,-0.385774,0.320618
9073,0.855028,0.131565,-0.385774,0.320618
9083,0.855028,0.131565,-0.385774,0.320618
9093,0.855028,0.131565,-0.385774,0.320618
9104,0.855028,0.131565,-0.385774,0.320618
9114,0.855028,0.131565,-0.385774,0.320618
9124,0.855028,0.131565,-0.385774,0.320618
9134,0.855028,0.131565,-0.385774,0.320618
9144,0.855028,0.131565,-0.385774,0.320618
9154,0.855028,0.131565,-0.385774,0.320618
9164,0.855028,0.131565,-0.385774,0.320618
9174,0.855028,0.131565,-0.385774,0.320618
9184,0.855028,0.131565,-0.385774,0.320618
9194,0.855028,0.131565,-0.385774,0.320618
9204,0.855028,0.131565,-0.385774,0.320618
9214,0.855028,0.131565,-0.385774,0.320618
9225,0.855028,0.131565,-0.385774,0.320618
9235,0.855028,0.131565,-0.385774,0.320618
9245,0.855028,0.131565,-0.385774,0.320618
9255,0.855028,0.131565,-0.385774,0.320618
9265,0.855028,0.131565,-0.385774,0.320618
9275,0.855028,0.131565,-0.385774,0.320618
9285,0.855028,0.131565,-0.385774,0.320618
9295,0.855028,0.131565,-0.385774,0.320618
9305,0.855028,0.131565,-0.385774,0.320618
9315,0.855028,0.131565,-0.385774,0.320618
9325,0.855028,0.131565,-0.385774,0.320618
9335,0.855028,0.131565,-0.385774,0.320618
9346,0.855028,0.131565,-0.385774,0.320618
9356,0.855028,0.131565,-0.385774,0.320618
9366,0.855028,0.131565,-0.385774,0.320618
9376,0.855028,0.131565,-0.385774,0.320618
9386,0.855028,0.131565,-0.385774,0.320618
9396,0.855028,0.131565,-0.385774,0.320618
9406,0.855028,0.131565,-0.385774,0.320618
9416,0.855028,0.131565,-0.385774,0.320618
9426,0.855028,0.131565,-0.385774,0.320618
9436,0.855028,0.131565,-0.385774,0.320618
9446,0.855028,0.131565,-0.385774,0.320618
9456,0.855028,0.131565,-0.385774,0.320618
9467,0.855028,0.131565,-0.385774,0.320618
9477,0.855028,0.131565,-0.385774,0.320618
9487,0.855028,0.131565,-0.385774,0.320618
9497,0.855028,0.131565,-0.385774,0.320618
9507,0.855028,0.131565,-0.385774,0.320618
9517,0.855028,0.131565,-0.385774,0.320618
9527,0.855028,0.131565,-0.385774,0.320618
9537,0.855028,0.131565,-0.385774,0.320618
9547,0.855028,0.131565,-0.385774,0.320618
9557,0.855028,0.131565,-0.385774,0.320618
9567,0.855028,0.131565,-0.385774,0.320618
9577,0.855028,0.131565,-0.385774,0.320618
9587,0.855028,0.131565,-0.385774,0.320618
9598,0.855028,0.131565,-0.385774,0.320618
9608,0.855028,0.131565,-0.385774,0.320618
9618,0.855028,0.131565,-0.385774,0.320618
9628,0.855028,0.131565,-0.385774,0.320618
9638,0.855028,0.131565,-0.385774,0.320618
9648,0.855028,0.131565,-0.385774,0.320618
9658,0.855028,0.131565,-0.385774,0.320618
9668,0.855028,0.131565,-0.385774,0.320618
9678,0.855028,0.131565,-0.385774,0.320618
9688,0.855028,0.131565,-0.385774,0.320618
9698,0.855028,0.131565,-0.385774,0.320618
9708,0.855028,0.131565,-0.385774,0.320618
9719,0.855028,0.131565,-0.385774,0.320618
9729,0.855028,0.131565,-0.385774,0.320618
9739,0.855028,0.131565,-0.385774,0.320618
9749,0.855028,0.131565,-0.385774,0.320618
9759,0.855028,0.131565,-0.385774,0.320618
9769,0.855028,0.131565,-0.385774,0.320618
9779,0.855028,0.131565,-0.385774,0.320618
9789,0.855028,0.131565,-0.385774,0.320618
9799,0.855028,0.131565,-0.385774,0.320618
9809,0.855028,0.131565,-0.385774,0.320618
9819,0.855028,0.131565,-0.385774,0.320618
9829,0.855028,0.131565,-0.385774,0.320618
9839,0.855028,0.131565,-0.385774,0.320618
9849,0.855028,0.131565,-0.385774,0.320618
9860,0.855028,0.131565,-0.385774,0.320618
9870,0.855028,0.131565,-0.385774,0.320618
9880,0.855028,0.131565,-0.385774,0.320618
9890,0.855028,0.131565,-0.385774,0.320618
9900,0.855028,0.131565,-0.385774,0.320618
9910,0.855028,0.131565,-0.385774,0.320618
9920,0.855028,0.131565,-0.385774,0.320618
9930,0.855028,0.131565,-0.385774,0.320618
9940,0.855028,0.131565,-0.385774,0.320618
9950,0.855028,0.131565,-0.385774,0.320618
9961,0.855028,0.131565,-0.385774,0.320618
9971,0.855028,0.131565,-0.385774,0.320618
9981,0.855028,0.131565,-0.385774,0.320618
9991,0.855028,0.131565,-0.385774,0.320618
